FREQ	Frequenza	REF_AREA	Territorio	DATA_TYPE	Indicatore	FORM_VOLUNT	Tipo di volontariato	SEX	Sesso	YEARS_OF_ACTIVITIES	Numero di anni di attività gratuita	TIME_PERIOD	Osservazione	OBS_STATUS	'Stato dell"'osservazione'
A	Annuale	IT	Italia	PGE15_UAAV	Persone di 15 anni e più che hanno svolto attività gratuite	DIRVOL	Volontariato non organizzato	1	Maschi	Y_UN1	Meno di 1 anno	2013	480		
A	Annuale	IT	Italia	PGE15_UAAV	Persone di 15 anni e più che hanno svolto attività gratuite	DIRVOL	Volontariato non organizzato	1	Maschi	Y_UN1	Meno di 1 anno	2023	169		
A	Annuale	IT	Italia	PGE15_UAAV	Persone di 15 anni e più che hanno svolto attività gratuite	DIRVOL	Volontariato non organizzato	1	Maschi	Y1-2	1-2 anni	2013	164		
A	Annuale	IT	Italia	PGE15_UAAV	Persone di 15 anni e più che hanno svolto attività gratuite	DIRVOL	Volontariato non organizzato	1	Maschi	Y1-2	1-2 anni	2023	116		
A	Annuale	IT	Italia	PGE15_UAAV	Persone di 15 anni e più che hanno svolto attività gratuite	DIRVOL	Volontariato non organizzato	1	Maschi	Y3-4	3-4 anni	2013	253		
A	Annuale	IT	Italia	PGE15_UAAV	Persone di 15 anni e più che hanno svolto attività gratuite	DIRVOL	Volontariato non organizzato	1	Maschi	Y3-4	3-4 anni	2023	142		
A	Annuale	IT	Italia	PGE15_UAAV	Persone di 15 anni e più che hanno svolto attività gratuite	DIRVOL	Volontariato non organizzato	1	Maschi	Y5-9	5-9 anni	2013	154		
A	Annuale	IT	Italia	PGE15_UAAV	Persone di 15 anni e più che hanno svolto attività gratuite	DIRVOL	Volontariato non organizzato	1	Maschi	Y5-9	5-9 anni	2023	147		
A	Annuale	IT	Italia	PGE15_UAAV	Persone di 15 anni e più che hanno svolto attività gratuite	DIRVOL	Volontariato non organizzato	1	Maschi	Y_GE10	10 anni e più	2013	383		
A	Annuale	IT	Italia	PGE15_UAAV	Persone di 15 anni e più che hanno svolto attività gratuite	DIRVOL	Volontariato non organizzato	1	Maschi	Y_GE10	10 anni e più	2023	346		
A	Annuale	IT	Italia	PGE15_UAAV	Persone di 15 anni e più che hanno svolto attività gratuite	DIRVOL	Volontariato non organizzato	1	Maschi	OCCAS	Occasionale	2023	265		
A	Annuale	IT	Italia	PGE15_UAAV	Persone di 15 anni e più che hanno svolto attività gratuite	DIRVOL	Volontariato non organizzato	1	Maschi	TOTAL	Totale	2013	1433		
A	Annuale	IT	Italia	PGE15_UAAV	Persone di 15 anni e più che hanno svolto attività gratuite	DIRVOL	Volontariato non organizzato	1	Maschi	TOTAL	Totale	2023	1186		
A	Annuale	IT	Italia	PGE15_UAAV	Persone di 15 anni e più che hanno svolto attività gratuite	DIRVOL	Volontariato non organizzato	2	Femmine	Y_UN1	Meno di 1 anno	2013	593		
A	Annuale	IT	Italia	PGE15_UAAV	Persone di 15 anni e più che hanno svolto attività gratuite	DIRVOL	Volontariato non organizzato	2	Femmine	Y_UN1	Meno di 1 anno	2023	214		
A	Annuale	IT	Italia	PGE15_UAAV	Persone di 15 anni e più che hanno svolto attività gratuite	DIRVOL	Volontariato non organizzato	2	Femmine	Y1-2	1-2 anni	2013	238		
A	Annuale	IT	Italia	PGE15_UAAV	Persone di 15 anni e più che hanno svolto attività gratuite	DIRVOL	Volontariato non organizzato	2	Femmine	Y1-2	1-2 anni	2023	140		
A	Annuale	IT	Italia	PGE15_UAAV	Persone di 15 anni e più che hanno svolto attività gratuite	DIRVOL	Volontariato non organizzato	2	Femmine	Y3-4	3-4 anni	2013	216		
A	Annuale	IT	Italia	PGE15_UAAV	Persone di 15 anni e più che hanno svolto attività gratuite	DIRVOL	Volontariato non organizzato	2	Femmine	Y3-4	3-4 anni	2023	168		
A	Annuale	IT	Italia	PGE15_UAAV	Persone di 15 anni e più che hanno svolto attività gratuite	DIRVOL	Volontariato non organizzato	2	Femmine	Y5-9	5-9 anni	2013	243		
A	Annuale	IT	Italia	PGE15_UAAV	Persone di 15 anni e più che hanno svolto attività gratuite	DIRVOL	Volontariato non organizzato	2	Femmine	Y5-9	5-9 anni	2023	190		
A	Annuale	IT	Italia	PGE15_UAAV	Persone di 15 anni e più che hanno svolto attività gratuite	DIRVOL	Volontariato non organizzato	2	Femmine	Y_GE10	10 anni e più	2013	292		
A	Annuale	IT	Italia	PGE15_UAAV	Persone di 15 anni e più che hanno svolto attività gratuite	DIRVOL	Volontariato non organizzato	2	Femmine	Y_GE10	10 anni e più	2023	407		
A	Annuale	IT	Italia	PGE15_UAAV	Persone di 15 anni e più che hanno svolto attività gratuite	DIRVOL	Volontariato non organizzato	2	Femmine	OCCAS	Occasionale	2023	222		
A	Annuale	IT	Italia	PGE15_UAAV	Persone di 15 anni e più che hanno svolto attività gratuite	DIRVOL	Volontariato non organizzato	2	Femmine	TOTAL	Totale	2013	1583		
A	Annuale	IT	Italia	PGE15_UAAV	Persone di 15 anni e più che hanno svolto attività gratuite	DIRVOL	Volontariato non organizzato	2	Femmine	TOTAL	Totale	2023	1341		
A	Annuale	IT	Italia	PGE15_UAAV	Persone di 15 anni e più che hanno svolto attività gratuite	DIRVOL	Volontariato non organizzato	9	Totale	Y_UN1	Meno di 1 anno	2013	1073		
A	Annuale	IT	Italia	PGE15_UAAV	Persone di 15 anni e più che hanno svolto attività gratuite	DIRVOL	Volontariato non organizzato	9	Totale	Y_UN1	Meno di 1 anno	2023	384		
A	Annuale	IT	Italia	PGE15_UAAV	Persone di 15 anni e più che hanno svolto attività gratuite	DIRVOL	Volontariato non organizzato	9	Totale	Y1-2	1-2 anni	2013	402		
A	Annuale	IT	Italia	PGE15_UAAV	Persone di 15 anni e più che hanno svolto attività gratuite	DIRVOL	Volontariato non organizzato	9	Totale	Y1-2	1-2 anni	2023	256		
A	Annuale	IT	Italia	PGE15_UAAV	Persone di 15 anni e più che hanno svolto attività gratuite	DIRVOL	Volontariato non organizzato	9	Totale	Y3-4	3-4 anni	2013	469		
A	Annuale	IT	Italia	PGE15_UAAV	Persone di 15 anni e più che hanno svolto attività gratuite	DIRVOL	Volontariato non organizzato	9	Totale	Y3-4	3-4 anni	2023	310		
A	Annuale	IT	Italia	PGE15_UAAV	Persone di 15 anni e più che hanno svolto attività gratuite	DIRVOL	Volontariato non organizzato	9	Totale	Y5-9	5-9 anni	2013	397		
A	Annuale	IT	Italia	PGE15_UAAV	Persone di 15 anni e più che hanno svolto attività gratuite	DIRVOL	Volontariato non organizzato	9	Totale	Y5-9	5-9 anni	2023	337		
A	Annuale	IT	Italia	PGE15_UAAV	Persone di 15 anni e più che hanno svolto attività gratuite	DIRVOL	Volontariato non organizzato	9	Totale	Y_GE10	10 anni e più	2013	675		
A	Annuale	IT	Italia	PGE15_UAAV	Persone di 15 anni e più che hanno svolto attività gratuite	DIRVOL	Volontariato non organizzato	9	Totale	Y_GE10	10 anni e più	2023	753		
A	Annuale	IT	Italia	PGE15_UAAV	Persone di 15 anni e più che hanno svolto attività gratuite	DIRVOL	Volontariato non organizzato	9	Totale	OCCAS	Occasionale	2023	487		
A	Annuale	IT	Italia	PGE15_UAAV	Persone di 15 anni e più che hanno svolto attività gratuite	DIRVOL	Volontariato non organizzato	9	Totale	TOTAL	Totale	2013	3016		
A	Annuale	IT	Italia	PGE15_UAAV	Persone di 15 anni e più che hanno svolto attività gratuite	DIRVOL	Volontariato non organizzato	9	Totale	TOTAL	Totale	2023	2526		
A	Annuale	IT	Italia	PGE15_UAAV	Persone di 15 anni e più che hanno svolto attività gratuite	ORGVOL	Volontariato organizzato	1	Maschi	Y_UN1	Meno di 1 anno	2013	222		
A	Annuale	IT	Italia	PGE15_UAAV	Persone di 15 anni e più che hanno svolto attività gratuite	ORGVOL	Volontariato organizzato	1	Maschi	Y_UN1	Meno di 1 anno	2023	173		
A	Annuale	IT	Italia	PGE15_UAAV	Persone di 15 anni e più che hanno svolto attività gratuite	ORGVOL	Volontariato organizzato	1	Maschi	Y1-2	1-2 anni	2013	262		
A	Annuale	IT	Italia	PGE15_UAAV	Persone di 15 anni e più che hanno svolto attività gratuite	ORGVOL	Volontariato organizzato	1	Maschi	Y1-2	1-2 anni	2023	176		
A	Annuale	IT	Italia	PGE15_UAAV	Persone di 15 anni e più che hanno svolto attività gratuite	ORGVOL	Volontariato organizzato	1	Maschi	Y3-4	3-4 anni	2013	429		
A	Annuale	IT	Italia	PGE15_UAAV	Persone di 15 anni e più che hanno svolto attività gratuite	ORGVOL	Volontariato organizzato	1	Maschi	Y3-4	3-4 anni	2023	192		
A	Annuale	IT	Italia	PGE15_UAAV	Persone di 15 anni e più che hanno svolto attività gratuite	ORGVOL	Volontariato organizzato	1	Maschi	Y5-9	5-9 anni	2013	416		
A	Annuale	IT	Italia	PGE15_UAAV	Persone di 15 anni e più che hanno svolto attività gratuite	ORGVOL	Volontariato organizzato	1	Maschi	Y5-9	5-9 anni	2023	347		
A	Annuale	IT	Italia	PGE15_UAAV	Persone di 15 anni e più che hanno svolto attività gratuite	ORGVOL	Volontariato organizzato	1	Maschi	Y_GE10	10 anni e più	2013	894		
A	Annuale	IT	Italia	PGE15_UAAV	Persone di 15 anni e più che hanno svolto attività gratuite	ORGVOL	Volontariato organizzato	1	Maschi	Y_GE10	10 anni e più	2023	721		
A	Annuale	IT	Italia	PGE15_UAAV	Persone di 15 anni e più che hanno svolto attività gratuite	ORGVOL	Volontariato organizzato	1	Maschi	OCCAS	Occasionale	2023	39		
A	Annuale	IT	Italia	PGE15_UAAV	Persone di 15 anni e più che hanno svolto attività gratuite	ORGVOL	Volontariato organizzato	1	Maschi	TOTAL	Totale	2013	2223		
A	Annuale	IT	Italia	PGE15_UAAV	Persone di 15 anni e più che hanno svolto attività gratuite	ORGVOL	Volontariato organizzato	1	Maschi	TOTAL	Totale	2023	1647		
A	Annuale	IT	Italia	PGE15_UAAV	Persone di 15 anni e più che hanno svolto attività gratuite	ORGVOL	Volontariato organizzato	2	Femmine	Y_UN1	Meno di 1 anno	2013	240		
A	Annuale	IT	Italia	PGE15_UAAV	Persone di 15 anni e più che hanno svolto attività gratuite	ORGVOL	Volontariato organizzato	2	Femmine	Y_UN1	Meno di 1 anno	2023	229		
A	Annuale	IT	Italia	PGE15_UAAV	Persone di 15 anni e più che hanno svolto attività gratuite	ORGVOL	Volontariato organizzato	2	Femmine	Y1-2	1-2 anni	2013	233		
A	Annuale	IT	Italia	PGE15_UAAV	Persone di 15 anni e più che hanno svolto attività gratuite	ORGVOL	Volontariato organizzato	2	Femmine	Y1-2	1-2 anni	2023	223		
A	Annuale	IT	Italia	PGE15_UAAV	Persone di 15 anni e più che hanno svolto attività gratuite	ORGVOL	Volontariato organizzato	2	Femmine	Y3-4	3-4 anni	2013	349		
A	Annuale	IT	Italia	PGE15_UAAV	Persone di 15 anni e più che hanno svolto attività gratuite	ORGVOL	Volontariato organizzato	2	Femmine	Y3-4	3-4 anni	2023	223		
A	Annuale	IT	Italia	PGE15_UAAV	Persone di 15 anni e più che hanno svolto attività gratuite	ORGVOL	Volontariato organizzato	2	Femmine	Y5-9	5-9 anni	2013	425		
A	Annuale	IT	Italia	PGE15_UAAV	Persone di 15 anni e più che hanno svolto attività gratuite	ORGVOL	Volontariato organizzato	2	Femmine	Y5-9	5-9 anni	2023	316		
A	Annuale	IT	Italia	PGE15_UAAV	Persone di 15 anni e più che hanno svolto attività gratuite	ORGVOL	Volontariato organizzato	2	Femmine	Y_GE10	10 anni e più	2013	653		
A	Annuale	IT	Italia	PGE15_UAAV	Persone di 15 anni e più che hanno svolto attività gratuite	ORGVOL	Volontariato organizzato	2	Femmine	Y_GE10	10 anni e più	2023	486		
A	Annuale	IT	Italia	PGE15_UAAV	Persone di 15 anni e più che hanno svolto attività gratuite	ORGVOL	Volontariato organizzato	2	Femmine	OCCAS	Occasionale	2023	50		
A	Annuale	IT	Italia	PGE15_UAAV	Persone di 15 anni e più che hanno svolto attività gratuite	ORGVOL	Volontariato organizzato	2	Femmine	TOTAL	Totale	2013	1900		
A	Annuale	IT	Italia	PGE15_UAAV	Persone di 15 anni e più che hanno svolto attività gratuite	ORGVOL	Volontariato organizzato	2	Femmine	TOTAL	Totale	2023	1527		
A	Annuale	IT	Italia	PGE15_UAAV	Persone di 15 anni e più che hanno svolto attività gratuite	ORGVOL	Volontariato organizzato	9	Totale	Y_UN1	Meno di 1 anno	2013	462		
A	Annuale	IT	Italia	PGE15_UAAV	Persone di 15 anni e più che hanno svolto attività gratuite	ORGVOL	Volontariato organizzato	9	Totale	Y_UN1	Meno di 1 anno	2023	402		
A	Annuale	IT	Italia	PGE15_UAAV	Persone di 15 anni e più che hanno svolto attività gratuite	ORGVOL	Volontariato organizzato	9	Totale	Y1-2	1-2 anni	2013	495		
A	Annuale	IT	Italia	PGE15_UAAV	Persone di 15 anni e più che hanno svolto attività gratuite	ORGVOL	Volontariato organizzato	9	Totale	Y1-2	1-2 anni	2023	399		
A	Annuale	IT	Italia	PGE15_UAAV	Persone di 15 anni e più che hanno svolto attività gratuite	ORGVOL	Volontariato organizzato	9	Totale	Y3-4	3-4 anni	2013	778		
A	Annuale	IT	Italia	PGE15_UAAV	Persone di 15 anni e più che hanno svolto attività gratuite	ORGVOL	Volontariato organizzato	9	Totale	Y3-4	3-4 anni	2023	415		
A	Annuale	IT	Italia	PGE15_UAAV	Persone di 15 anni e più che hanno svolto attività gratuite	ORGVOL	Volontariato organizzato	9	Totale	Y5-9	5-9 anni	2013	841		
A	Annuale	IT	Italia	PGE15_UAAV	Persone di 15 anni e più che hanno svolto attività gratuite	ORGVOL	Volontariato organizzato	9	Totale	Y5-9	5-9 anni	2023	662		
A	Annuale	IT	Italia	PGE15_UAAV	Persone di 15 anni e più che hanno svolto attività gratuite	ORGVOL	Volontariato organizzato	9	Totale	Y_GE10	10 anni e più	2013	1546		
A	Annuale	IT	Italia	PGE15_UAAV	Persone di 15 anni e più che hanno svolto attività gratuite	ORGVOL	Volontariato organizzato	9	Totale	Y_GE10	10 anni e più	2023	1207		
A	Annuale	IT	Italia	PGE15_UAAV	Persone di 15 anni e più che hanno svolto attività gratuite	ORGVOL	Volontariato organizzato	9	Totale	OCCAS	Occasionale	2023	89		
A	Annuale	IT	Italia	PGE15_UAAV	Persone di 15 anni e più che hanno svolto attività gratuite	ORGVOL	Volontariato organizzato	9	Totale	TOTAL	Totale	2013	4123		
A	Annuale	IT	Italia	PGE15_UAAV	Persone di 15 anni e più che hanno svolto attività gratuite	ORGVOL	Volontariato organizzato	9	Totale	TOTAL	Totale	2023	3175		
A	Annuale	IT	Italia	PGE15_UAPV	Persone di 15 anni e più che hanno svolto attività di volontariato (valori percentuali)	DIRVOL	Volontariato non organizzato	1	Maschi	Y_UN1	Meno di 1 anno	2013	33.5		
A	Annuale	IT	Italia	PGE15_UAPV	Persone di 15 anni e più che hanno svolto attività di volontariato (valori percentuali)	DIRVOL	Volontariato non organizzato	1	Maschi	Y_UN1	Meno di 1 anno	2023	14.3		
A	Annuale	IT	Italia	PGE15_UAPV	Persone di 15 anni e più che hanno svolto attività di volontariato (valori percentuali)	DIRVOL	Volontariato non organizzato	1	Maschi	Y1-2	1-2 anni	2013	11.4		
A	Annuale	IT	Italia	PGE15_UAPV	Persone di 15 anni e più che hanno svolto attività di volontariato (valori percentuali)	DIRVOL	Volontariato non organizzato	1	Maschi	Y1-2	1-2 anni	2023	9.8		
A	Annuale	IT	Italia	PGE15_UAPV	Persone di 15 anni e più che hanno svolto attività di volontariato (valori percentuali)	DIRVOL	Volontariato non organizzato	1	Maschi	Y3-4	3-4 anni	2013	17.6		
A	Annuale	IT	Italia	PGE15_UAPV	Persone di 15 anni e più che hanno svolto attività di volontariato (valori percentuali)	DIRVOL	Volontariato non organizzato	1	Maschi	Y3-4	3-4 anni	2023	11.9		
A	Annuale	IT	Italia	PGE15_UAPV	Persone di 15 anni e più che hanno svolto attività di volontariato (valori percentuali)	DIRVOL	Volontariato non organizzato	1	Maschi	Y5-9	5-9 anni	2013	10.7		
A	Annuale	IT	Italia	PGE15_UAPV	Persone di 15 anni e più che hanno svolto attività di volontariato (valori percentuali)	DIRVOL	Volontariato non organizzato	1	Maschi	Y5-9	5-9 anni	2023	12.4		
A	Annuale	IT	Italia	PGE15_UAPV	Persone di 15 anni e più che hanno svolto attività di volontariato (valori percentuali)	DIRVOL	Volontariato non organizzato	1	Maschi	Y_GE10	10 anni e più	2013	26.7		
A	Annuale	IT	Italia	PGE15_UAPV	Persone di 15 anni e più che hanno svolto attività di volontariato (valori percentuali)	DIRVOL	Volontariato non organizzato	1	Maschi	Y_GE10	10 anni e più	2023	29.2		
A	Annuale	IT	Italia	PGE15_UAPV	Persone di 15 anni e più che hanno svolto attività di volontariato (valori percentuali)	DIRVOL	Volontariato non organizzato	1	Maschi	OCCAS	Occasionale	2023	22.4		
A	Annuale	IT	Italia	PGE15_UAPV	Persone di 15 anni e più che hanno svolto attività di volontariato (valori percentuali)	DIRVOL	Volontariato non organizzato	1	Maschi	TOTAL	Totale	2013	5.7		
A	Annuale	IT	Italia	PGE15_UAPV	Persone di 15 anni e più che hanno svolto attività di volontariato (valori percentuali)	DIRVOL	Volontariato non organizzato	1	Maschi	TOTAL	Totale	2023	4.8		
A	Annuale	IT	Italia	PGE15_UAPV	Persone di 15 anni e più che hanno svolto attività di volontariato (valori percentuali)	DIRVOL	Volontariato non organizzato	2	Femmine	Y_UN1	Meno di 1 anno	2013	37.5		
A	Annuale	IT	Italia	PGE15_UAPV	Persone di 15 anni e più che hanno svolto attività di volontariato (valori percentuali)	DIRVOL	Volontariato non organizzato	2	Femmine	Y_UN1	Meno di 1 anno	2023	16		
A	Annuale	IT	Italia	PGE15_UAPV	Persone di 15 anni e più che hanno svolto attività di volontariato (valori percentuali)	DIRVOL	Volontariato non organizzato	2	Femmine	Y1-2	1-2 anni	2013	15		
A	Annuale	IT	Italia	PGE15_UAPV	Persone di 15 anni e più che hanno svolto attività di volontariato (valori percentuali)	DIRVOL	Volontariato non organizzato	2	Femmine	Y1-2	1-2 anni	2023	10.4		
A	Annuale	IT	Italia	PGE15_UAPV	Persone di 15 anni e più che hanno svolto attività di volontariato (valori percentuali)	DIRVOL	Volontariato non organizzato	2	Femmine	Y3-4	3-4 anni	2013	13.7		
A	Annuale	IT	Italia	PGE15_UAPV	Persone di 15 anni e più che hanno svolto attività di volontariato (valori percentuali)	DIRVOL	Volontariato non organizzato	2	Femmine	Y3-4	3-4 anni	2023	12.5		
A	Annuale	IT	Italia	PGE15_UAPV	Persone di 15 anni e più che hanno svolto attività di volontariato (valori percentuali)	DIRVOL	Volontariato non organizzato	2	Femmine	Y5-9	5-9 anni	2013	15.4		
A	Annuale	IT	Italia	PGE15_UAPV	Persone di 15 anni e più che hanno svolto attività di volontariato (valori percentuali)	DIRVOL	Volontariato non organizzato	2	Femmine	Y5-9	5-9 anni	2023	14.2		
A	Annuale	IT	Italia	PGE15_UAPV	Persone di 15 anni e più che hanno svolto attività di volontariato (valori percentuali)	DIRVOL	Volontariato non organizzato	2	Femmine	Y_GE10	10 anni e più	2013	18.5		
A	Annuale	IT	Italia	PGE15_UAPV	Persone di 15 anni e più che hanno svolto attività di volontariato (valori percentuali)	DIRVOL	Volontariato non organizzato	2	Femmine	Y_GE10	10 anni e più	2023	30.3		
A	Annuale	IT	Italia	PGE15_UAPV	Persone di 15 anni e più che hanno svolto attività di volontariato (valori percentuali)	DIRVOL	Volontariato non organizzato	2	Femmine	OCCAS	Occasionale	2023	16.6		
A	Annuale	IT	Italia	PGE15_UAPV	Persone di 15 anni e più che hanno svolto attività di volontariato (valori percentuali)	DIRVOL	Volontariato non organizzato	2	Femmine	TOTAL	Totale	2013	5.9		
A	Annuale	IT	Italia	PGE15_UAPV	Persone di 15 anni e più che hanno svolto attività di volontariato (valori percentuali)	DIRVOL	Volontariato non organizzato	2	Femmine	TOTAL	Totale	2023	5.1		
A	Annuale	IT	Italia	PGE15_UAPV	Persone di 15 anni e più che hanno svolto attività di volontariato (valori percentuali)	DIRVOL	Volontariato non organizzato	9	Totale	Y_UN1	Meno di 1 anno	2013	35.6		
A	Annuale	IT	Italia	PGE15_UAPV	Persone di 15 anni e più che hanno svolto attività di volontariato (valori percentuali)	DIRVOL	Volontariato non organizzato	9	Totale	Y_UN1	Meno di 1 anno	2023	15.2		
A	Annuale	IT	Italia	PGE15_UAPV	Persone di 15 anni e più che hanno svolto attività di volontariato (valori percentuali)	DIRVOL	Volontariato non organizzato	9	Totale	Y1-2	1-2 anni	2013	13.3		
A	Annuale	IT	Italia	PGE15_UAPV	Persone di 15 anni e più che hanno svolto attività di volontariato (valori percentuali)	DIRVOL	Volontariato non organizzato	9	Totale	Y1-2	1-2 anni	2023	10.1		
A	Annuale	IT	Italia	PGE15_UAPV	Persone di 15 anni e più che hanno svolto attività di volontariato (valori percentuali)	DIRVOL	Volontariato non organizzato	9	Totale	Y3-4	3-4 anni	2013	15.6		
A	Annuale	IT	Italia	PGE15_UAPV	Persone di 15 anni e più che hanno svolto attività di volontariato (valori percentuali)	DIRVOL	Volontariato non organizzato	9	Totale	Y3-4	3-4 anni	2023	12.3		
A	Annuale	IT	Italia	PGE15_UAPV	Persone di 15 anni e più che hanno svolto attività di volontariato (valori percentuali)	DIRVOL	Volontariato non organizzato	9	Totale	Y5-9	5-9 anni	2013	13.2		
A	Annuale	IT	Italia	PGE15_UAPV	Persone di 15 anni e più che hanno svolto attività di volontariato (valori percentuali)	DIRVOL	Volontariato non organizzato	9	Totale	Y5-9	5-9 anni	2023	13.3		
A	Annuale	IT	Italia	PGE15_UAPV	Persone di 15 anni e più che hanno svolto attività di volontariato (valori percentuali)	DIRVOL	Volontariato non organizzato	9	Totale	Y_GE10	10 anni e più	2013	22.4		
A	Annuale	IT	Italia	PGE15_UAPV	Persone di 15 anni e più che hanno svolto attività di volontariato (valori percentuali)	DIRVOL	Volontariato non organizzato	9	Totale	Y_GE10	10 anni e più	2023	29.8		
A	Annuale	IT	Italia	PGE15_UAPV	Persone di 15 anni e più che hanno svolto attività di volontariato (valori percentuali)	DIRVOL	Volontariato non organizzato	9	Totale	OCCAS	Occasionale	2023	19.3		
A	Annuale	IT	Italia	PGE15_UAPV	Persone di 15 anni e più che hanno svolto attività di volontariato (valori percentuali)	DIRVOL	Volontariato non organizzato	9	Totale	TOTAL	Totale	2013	5.8		
A	Annuale	IT	Italia	PGE15_UAPV	Persone di 15 anni e più che hanno svolto attività di volontariato (valori percentuali)	DIRVOL	Volontariato non organizzato	9	Totale	TOTAL	Totale	2023	4.9		
A	Annuale	IT	Italia	PGE15_UAPV	Persone di 15 anni e più che hanno svolto attività di volontariato (valori percentuali)	ORGVOL	Volontariato organizzato	1	Maschi	Y_UN1	Meno di 1 anno	2013	10		
A	Annuale	IT	Italia	PGE15_UAPV	Persone di 15 anni e più che hanno svolto attività di volontariato (valori percentuali)	ORGVOL	Volontariato organizzato	1	Maschi	Y_UN1	Meno di 1 anno	2023	10.5		
A	Annuale	IT	Italia	PGE15_UAPV	Persone di 15 anni e più che hanno svolto attività di volontariato (valori percentuali)	ORGVOL	Volontariato organizzato	1	Maschi	Y1-2	1-2 anni	2013	11.8		
A	Annuale	IT	Italia	PGE15_UAPV	Persone di 15 anni e più che hanno svolto attività di volontariato (valori percentuali)	ORGVOL	Volontariato organizzato	1	Maschi	Y1-2	1-2 anni	2023	10.7		
A	Annuale	IT	Italia	PGE15_UAPV	Persone di 15 anni e più che hanno svolto attività di volontariato (valori percentuali)	ORGVOL	Volontariato organizzato	1	Maschi	Y3-4	3-4 anni	2013	19.3		
A	Annuale	IT	Italia	PGE15_UAPV	Persone di 15 anni e più che hanno svolto attività di volontariato (valori percentuali)	ORGVOL	Volontariato organizzato	1	Maschi	Y3-4	3-4 anni	2023	11.6		
A	Annuale	IT	Italia	PGE15_UAPV	Persone di 15 anni e più che hanno svolto attività di volontariato (valori percentuali)	ORGVOL	Volontariato organizzato	1	Maschi	Y5-9	5-9 anni	2013	18.7		
A	Annuale	IT	Italia	PGE15_UAPV	Persone di 15 anni e più che hanno svolto attività di volontariato (valori percentuali)	ORGVOL	Volontariato organizzato	1	Maschi	Y5-9	5-9 anni	2023	21		
A	Annuale	IT	Italia	PGE15_UAPV	Persone di 15 anni e più che hanno svolto attività di volontariato (valori percentuali)	ORGVOL	Volontariato organizzato	1	Maschi	Y_GE10	10 anni e più	2013	40.2		
A	Annuale	IT	Italia	PGE15_UAPV	Persone di 15 anni e più che hanno svolto attività di volontariato (valori percentuali)	ORGVOL	Volontariato organizzato	1	Maschi	Y_GE10	10 anni e più	2023	43.8		
A	Annuale	IT	Italia	PGE15_UAPV	Persone di 15 anni e più che hanno svolto attività di volontariato (valori percentuali)	ORGVOL	Volontariato organizzato	1	Maschi	OCCAS	Occasionale	2023	2.4		
A	Annuale	IT	Italia	PGE15_UAPV	Persone di 15 anni e più che hanno svolto attività di volontariato (valori percentuali)	ORGVOL	Volontariato organizzato	1	Maschi	TOTAL	Totale	2013	8.9		
A	Annuale	IT	Italia	PGE15_UAPV	Persone di 15 anni e più che hanno svolto attività di volontariato (valori percentuali)	ORGVOL	Volontariato organizzato	1	Maschi	TOTAL	Totale	2023	6.6		
A	Annuale	IT	Italia	PGE15_UAPV	Persone di 15 anni e più che hanno svolto attività di volontariato (valori percentuali)	ORGVOL	Volontariato organizzato	2	Femmine	Y_UN1	Meno di 1 anno	2013	12.6		
A	Annuale	IT	Italia	PGE15_UAPV	Persone di 15 anni e più che hanno svolto attività di volontariato (valori percentuali)	ORGVOL	Volontariato organizzato	2	Femmine	Y_UN1	Meno di 1 anno	2023	15		
A	Annuale	IT	Italia	PGE15_UAPV	Persone di 15 anni e più che hanno svolto attività di volontariato (valori percentuali)	ORGVOL	Volontariato organizzato	2	Femmine	Y1-2	1-2 anni	2013	12.3		
A	Annuale	IT	Italia	PGE15_UAPV	Persone di 15 anni e più che hanno svolto attività di volontariato (valori percentuali)	ORGVOL	Volontariato organizzato	2	Femmine	Y1-2	1-2 anni	2023	14.6		
A	Annuale	IT	Italia	PGE15_UAPV	Persone di 15 anni e più che hanno svolto attività di volontariato (valori percentuali)	ORGVOL	Volontariato organizzato	2	Femmine	Y3-4	3-4 anni	2013	18.4		
A	Annuale	IT	Italia	PGE15_UAPV	Persone di 15 anni e più che hanno svolto attività di volontariato (valori percentuali)	ORGVOL	Volontariato organizzato	2	Femmine	Y3-4	3-4 anni	2023	14.6		
A	Annuale	IT	Italia	PGE15_UAPV	Persone di 15 anni e più che hanno svolto attività di volontariato (valori percentuali)	ORGVOL	Volontariato organizzato	2	Femmine	Y5-9	5-9 anni	2013	22.4		
A	Annuale	IT	Italia	PGE15_UAPV	Persone di 15 anni e più che hanno svolto attività di volontariato (valori percentuali)	ORGVOL	Volontariato organizzato	2	Femmine	Y5-9	5-9 anni	2023	20.7		
A	Annuale	IT	Italia	PGE15_UAPV	Persone di 15 anni e più che hanno svolto attività di volontariato (valori percentuali)	ORGVOL	Volontariato organizzato	2	Femmine	Y_GE10	10 anni e più	2013	34.3		
A	Annuale	IT	Italia	PGE15_UAPV	Persone di 15 anni e più che hanno svolto attività di volontariato (valori percentuali)	ORGVOL	Volontariato organizzato	2	Femmine	Y_GE10	10 anni e più	2023	31.8		
A	Annuale	IT	Italia	PGE15_UAPV	Persone di 15 anni e più che hanno svolto attività di volontariato (valori percentuali)	ORGVOL	Volontariato organizzato	2	Femmine	OCCAS	Occasionale	2023	3.3		
A	Annuale	IT	Italia	PGE15_UAPV	Persone di 15 anni e più che hanno svolto attività di volontariato (valori percentuali)	ORGVOL	Volontariato organizzato	2	Femmine	TOTAL	Totale	2013	7		
A	Annuale	IT	Italia	PGE15_UAPV	Persone di 15 anni e più che hanno svolto attività di volontariato (valori percentuali)	ORGVOL	Volontariato organizzato	2	Femmine	TOTAL	Totale	2023	5.8		
A	Annuale	IT	Italia	PGE15_UAPV	Persone di 15 anni e più che hanno svolto attività di volontariato (valori percentuali)	ORGVOL	Volontariato organizzato	9	Totale	Y_UN1	Meno di 1 anno	2013	11.2		
A	Annuale	IT	Italia	PGE15_UAPV	Persone di 15 anni e più che hanno svolto attività di volontariato (valori percentuali)	ORGVOL	Volontariato organizzato	9	Totale	Y_UN1	Meno di 1 anno	2023	12.6		
A	Annuale	IT	Italia	PGE15_UAPV	Persone di 15 anni e più che hanno svolto attività di volontariato (valori percentuali)	ORGVOL	Volontariato organizzato	9	Totale	Y1-2	1-2 anni	2013	12		
A	Annuale	IT	Italia	PGE15_UAPV	Persone di 15 anni e più che hanno svolto attività di volontariato (valori percentuali)	ORGVOL	Volontariato organizzato	9	Totale	Y1-2	1-2 anni	2023	12.6		
A	Annuale	IT	Italia	PGE15_UAPV	Persone di 15 anni e più che hanno svolto attività di volontariato (valori percentuali)	ORGVOL	Volontariato organizzato	9	Totale	Y3-4	3-4 anni	2013	18.9		
A	Annuale	IT	Italia	PGE15_UAPV	Persone di 15 anni e più che hanno svolto attività di volontariato (valori percentuali)	ORGVOL	Volontariato organizzato	9	Totale	Y3-4	3-4 anni	2023	13.1		
A	Annuale	IT	Italia	PGE15_UAPV	Persone di 15 anni e più che hanno svolto attività di volontariato (valori percentuali)	ORGVOL	Volontariato organizzato	9	Totale	Y5-9	5-9 anni	2013	20.4		
A	Annuale	IT	Italia	PGE15_UAPV	Persone di 15 anni e più che hanno svolto attività di volontariato (valori percentuali)	ORGVOL	Volontariato organizzato	9	Totale	Y5-9	5-9 anni	2023	20.9		
A	Annuale	IT	Italia	PGE15_UAPV	Persone di 15 anni e più che hanno svolto attività di volontariato (valori percentuali)	ORGVOL	Volontariato organizzato	9	Totale	Y_GE10	10 anni e più	2013	37.5		
A	Annuale	IT	Italia	PGE15_UAPV	Persone di 15 anni e più che hanno svolto attività di volontariato (valori percentuali)	ORGVOL	Volontariato organizzato	9	Totale	Y_GE10	10 anni e più	2023	38		
A	Annuale	IT	Italia	PGE15_UAPV	Persone di 15 anni e più che hanno svolto attività di volontariato (valori percentuali)	ORGVOL	Volontariato organizzato	9	Totale	OCCAS	Occasionale	2023	2.8		
A	Annuale	IT	Italia	PGE15_UAPV	Persone di 15 anni e più che hanno svolto attività di volontariato (valori percentuali)	ORGVOL	Volontariato organizzato	9	Totale	TOTAL	Totale	2013	7.9		
A	Annuale	IT	Italia	PGE15_UAPV	Persone di 15 anni e più che hanno svolto attività di volontariato (valori percentuali)	ORGVOL	Volontariato organizzato	9	Totale	TOTAL	Totale	2023	6.2		
A	Annuale	IT	Italia	HUA_15	Numero di ore di volontariato svolte dalle persone di 15 anni e più in 4 settimane	DIRVOL	Volontariato non organizzato	1	Maschi	TOTAL	Totale	2013	20946		
A	Annuale	IT	Italia	HUA_15	Numero di ore di volontariato svolte dalle persone di 15 anni e più in 4 settimane	DIRVOL	Volontariato non organizzato	1	Maschi	TOTAL	Totale	2023	12397		
A	Annuale	IT	Italia	HUA_15	Numero di ore di volontariato svolte dalle persone di 15 anni e più in 4 settimane	DIRVOL	Volontariato non organizzato	2	Femmine	TOTAL	Totale	2013	27289		
A	Annuale	IT	Italia	HUA_15	Numero di ore di volontariato svolte dalle persone di 15 anni e più in 4 settimane	DIRVOL	Volontariato non organizzato	2	Femmine	TOTAL	Totale	2023	15295		
A	Annuale	IT	Italia	HUA_15	Numero di ore di volontariato svolte dalle persone di 15 anni e più in 4 settimane	DIRVOL	Volontariato non organizzato	9	Totale	Y_UN1	Meno di 1 anno	2013	16078		
A	Annuale	IT	Italia	HUA_15	Numero di ore di volontariato svolte dalle persone di 15 anni e più in 4 settimane	DIRVOL	Volontariato non organizzato	9	Totale	Y_UN1	Meno di 1 anno	2023	4880		
A	Annuale	IT	Italia	HUA_15	Numero di ore di volontariato svolte dalle persone di 15 anni e più in 4 settimane	DIRVOL	Volontariato non organizzato	9	Totale	Y1-2	1-2 anni	2013	5139		
A	Annuale	IT	Italia	HUA_15	Numero di ore di volontariato svolte dalle persone di 15 anni e più in 4 settimane	DIRVOL	Volontariato non organizzato	9	Totale	Y1-2	1-2 anni	2023	2824		
A	Annuale	IT	Italia	HUA_15	Numero di ore di volontariato svolte dalle persone di 15 anni e più in 4 settimane	DIRVOL	Volontariato non organizzato	9	Totale	Y3-4	3-4 anni	2013	6037		
A	Annuale	IT	Italia	HUA_15	Numero di ore di volontariato svolte dalle persone di 15 anni e più in 4 settimane	DIRVOL	Volontariato non organizzato	9	Totale	Y3-4	3-4 anni	2023	3744		
A	Annuale	IT	Italia	HUA_15	Numero di ore di volontariato svolte dalle persone di 15 anni e più in 4 settimane	DIRVOL	Volontariato non organizzato	9	Totale	Y5-9	5-9 anni	2013	7567		
A	Annuale	IT	Italia	HUA_15	Numero di ore di volontariato svolte dalle persone di 15 anni e più in 4 settimane	DIRVOL	Volontariato non organizzato	9	Totale	Y5-9	5-9 anni	2023	3614		
A	Annuale	IT	Italia	HUA_15	Numero di ore di volontariato svolte dalle persone di 15 anni e più in 4 settimane	DIRVOL	Volontariato non organizzato	9	Totale	Y_GE10	10 anni e più	2013	13415		
A	Annuale	IT	Italia	HUA_15	Numero di ore di volontariato svolte dalle persone di 15 anni e più in 4 settimane	DIRVOL	Volontariato non organizzato	9	Totale	Y_GE10	10 anni e più	2023	9189		
A	Annuale	IT	Italia	HUA_15	Numero di ore di volontariato svolte dalle persone di 15 anni e più in 4 settimane	DIRVOL	Volontariato non organizzato	9	Totale	OCCAS	Occasionale	2023	3441		
A	Annuale	IT	Italia	HUA_15	Numero di ore di volontariato svolte dalle persone di 15 anni e più in 4 settimane	DIRVOL	Volontariato non organizzato	9	Totale	TOTAL	Totale	2013	48236		
A	Annuale	IT	Italia	HUA_15	Numero di ore di volontariato svolte dalle persone di 15 anni e più in 4 settimane	DIRVOL	Volontariato non organizzato	9	Totale	TOTAL	Totale	2023	27692		
A	Annuale	IT	Italia	HUA_15	Numero di ore di volontariato svolte dalle persone di 15 anni e più in 4 settimane	ORGVOL	Volontariato organizzato	1	Maschi	TOTAL	Totale	2013	42352		
A	Annuale	IT	Italia	HUA_15	Numero di ore di volontariato svolte dalle persone di 15 anni e più in 4 settimane	ORGVOL	Volontariato organizzato	1	Maschi	TOTAL	Totale	2023	29667		
A	Annuale	IT	Italia	HUA_15	Numero di ore di volontariato svolte dalle persone di 15 anni e più in 4 settimane	ORGVOL	Volontariato organizzato	2	Femmine	TOTAL	Totale	2013	34702		
A	Annuale	IT	Italia	HUA_15	Numero di ore di volontariato svolte dalle persone di 15 anni e più in 4 settimane	ORGVOL	Volontariato organizzato	2	Femmine	TOTAL	Totale	2023	26917		
A	Annuale	IT	Italia	HUA_15	Numero di ore di volontariato svolte dalle persone di 15 anni e più in 4 settimane	ORGVOL	Volontariato organizzato	9	Totale	Y_UN1	Meno di 1 anno	2013	6137		
A	Annuale	IT	Italia	HUA_15	Numero di ore di volontariato svolte dalle persone di 15 anni e più in 4 settimane	ORGVOL	Volontariato organizzato	9	Totale	Y_UN1	Meno di 1 anno	2023	5002		
A	Annuale	IT	Italia	HUA_15	Numero di ore di volontariato svolte dalle persone di 15 anni e più in 4 settimane	ORGVOL	Volontariato organizzato	9	Totale	Y1-2	1-2 anni	2013	8369		
A	Annuale	IT	Italia	HUA_15	Numero di ore di volontariato svolte dalle persone di 15 anni e più in 4 settimane	ORGVOL	Volontariato organizzato	9	Totale	Y1-2	1-2 anni	2023	6555		
A	Annuale	IT	Italia	HUA_15	Numero di ore di volontariato svolte dalle persone di 15 anni e più in 4 settimane	ORGVOL	Volontariato organizzato	9	Totale	Y3-4	3-4 anni	2013	13000		
A	Annuale	IT	Italia	HUA_15	Numero di ore di volontariato svolte dalle persone di 15 anni e più in 4 settimane	ORGVOL	Volontariato organizzato	9	Totale	Y3-4	3-4 anni	2023	8706		
A	Annuale	IT	Italia	HUA_15	Numero di ore di volontariato svolte dalle persone di 15 anni e più in 4 settimane	ORGVOL	Volontariato organizzato	9	Totale	Y5-9	5-9 anni	2013	15601		
A	Annuale	IT	Italia	HUA_15	Numero di ore di volontariato svolte dalle persone di 15 anni e più in 4 settimane	ORGVOL	Volontariato organizzato	9	Totale	Y5-9	5-9 anni	2023	12027		
A	Annuale	IT	Italia	HUA_15	Numero di ore di volontariato svolte dalle persone di 15 anni e più in 4 settimane	ORGVOL	Volontariato organizzato	9	Totale	Y_GE10	10 anni e più	2013	33947		
A	Annuale	IT	Italia	HUA_15	Numero di ore di volontariato svolte dalle persone di 15 anni e più in 4 settimane	ORGVOL	Volontariato organizzato	9	Totale	Y_GE10	10 anni e più	2023	23477		
A	Annuale	IT	Italia	HUA_15	Numero di ore di volontariato svolte dalle persone di 15 anni e più in 4 settimane	ORGVOL	Volontariato organizzato	9	Totale	OCCAS	Occasionale	2023	818		
A	Annuale	IT	Italia	HUA_15	Numero di ore di volontariato svolte dalle persone di 15 anni e più in 4 settimane	ORGVOL	Volontariato organizzato	9	Totale	TOTAL	Totale	2013	77053		
A	Annuale	IT	Italia	HUA_15	Numero di ore di volontariato svolte dalle persone di 15 anni e più in 4 settimane	ORGVOL	Volontariato organizzato	9	Totale	TOTAL	Totale	2023	56585		
A	Annuale	IT	Italia	HAUA_15	Numero medio di ore di volontariato svolte dalle persone di 15 anni e più in 4 settimane	DIRVOL	Volontariato non organizzato	1	Maschi	TOTAL	Totale	2013	14.6		
A	Annuale	IT	Italia	HAUA_15	Numero medio di ore di volontariato svolte dalle persone di 15 anni e più in 4 settimane	DIRVOL	Volontariato non organizzato	1	Maschi	TOTAL	Totale	2023	10.5		
A	Annuale	IT	Italia	HAUA_15	Numero medio di ore di volontariato svolte dalle persone di 15 anni e più in 4 settimane	DIRVOL	Volontariato non organizzato	2	Femmine	TOTAL	Totale	2013	17.2		
A	Annuale	IT	Italia	HAUA_15	Numero medio di ore di volontariato svolte dalle persone di 15 anni e più in 4 settimane	DIRVOL	Volontariato non organizzato	2	Femmine	TOTAL	Totale	2023	11.4		
A	Annuale	IT	Italia	HAUA_15	Numero medio di ore di volontariato svolte dalle persone di 15 anni e più in 4 settimane	DIRVOL	Volontariato non organizzato	9	Totale	Y_UN1	Meno di 1 anno	2013	15		
A	Annuale	IT	Italia	HAUA_15	Numero medio di ore di volontariato svolte dalle persone di 15 anni e più in 4 settimane	DIRVOL	Volontariato non organizzato	9	Totale	Y_UN1	Meno di 1 anno	2023	12.7		
A	Annuale	IT	Italia	HAUA_15	Numero medio di ore di volontariato svolte dalle persone di 15 anni e più in 4 settimane	DIRVOL	Volontariato non organizzato	9	Totale	Y1-2	1-2 anni	2013	12.8		
A	Annuale	IT	Italia	HAUA_15	Numero medio di ore di volontariato svolte dalle persone di 15 anni e più in 4 settimane	DIRVOL	Volontariato non organizzato	9	Totale	Y1-2	1-2 anni	2023	11		
A	Annuale	IT	Italia	HAUA_15	Numero medio di ore di volontariato svolte dalle persone di 15 anni e più in 4 settimane	DIRVOL	Volontariato non organizzato	9	Totale	Y3-4	3-4 anni	2013	12.9		
A	Annuale	IT	Italia	HAUA_15	Numero medio di ore di volontariato svolte dalle persone di 15 anni e più in 4 settimane	DIRVOL	Volontariato non organizzato	9	Totale	Y3-4	3-4 anni	2023	12.1		
A	Annuale	IT	Italia	HAUA_15	Numero medio di ore di volontariato svolte dalle persone di 15 anni e più in 4 settimane	DIRVOL	Volontariato non organizzato	9	Totale	Y5-9	5-9 anni	2013	19.1		
A	Annuale	IT	Italia	HAUA_15	Numero medio di ore di volontariato svolte dalle persone di 15 anni e più in 4 settimane	DIRVOL	Volontariato non organizzato	9	Totale	Y5-9	5-9 anni	2023	10.7		
A	Annuale	IT	Italia	HAUA_15	Numero medio di ore di volontariato svolte dalle persone di 15 anni e più in 4 settimane	DIRVOL	Volontariato non organizzato	9	Totale	Y_GE10	10 anni e più	2013	19.9		
A	Annuale	IT	Italia	HAUA_15	Numero medio di ore di volontariato svolte dalle persone di 15 anni e più in 4 settimane	DIRVOL	Volontariato non organizzato	9	Totale	Y_GE10	10 anni e più	2023	12.2		
A	Annuale	IT	Italia	HAUA_15	Numero medio di ore di volontariato svolte dalle persone di 15 anni e più in 4 settimane	DIRVOL	Volontariato non organizzato	9	Totale	OCCAS	Occasionale	2023	7.1		
A	Annuale	IT	Italia	HAUA_15	Numero medio di ore di volontariato svolte dalle persone di 15 anni e più in 4 settimane	DIRVOL	Volontariato non organizzato	9	Totale	TOTAL	Totale	2013	16		
A	Annuale	IT	Italia	HAUA_15	Numero medio di ore di volontariato svolte dalle persone di 15 anni e più in 4 settimane	DIRVOL	Volontariato non organizzato	9	Totale	TOTAL	Totale	2023	11		
A	Annuale	IT	Italia	HAUA_15	Numero medio di ore di volontariato svolte dalle persone di 15 anni e più in 4 settimane	ORGVOL	Volontariato organizzato	1	Maschi	TOTAL	Totale	2013	19.1		
A	Annuale	IT	Italia	HAUA_15	Numero medio di ore di volontariato svolte dalle persone di 15 anni e più in 4 settimane	ORGVOL	Volontariato organizzato	1	Maschi	TOTAL	Totale	2023	18		
A	Annuale	IT	Italia	HAUA_15	Numero medio di ore di volontariato svolte dalle persone di 15 anni e più in 4 settimane	ORGVOL	Volontariato organizzato	2	Femmine	TOTAL	Totale	2013	18.3		
A	Annuale	IT	Italia	HAUA_15	Numero medio di ore di volontariato svolte dalle persone di 15 anni e più in 4 settimane	ORGVOL	Volontariato organizzato	2	Femmine	TOTAL	Totale	2023	17.6		
A	Annuale	IT	Italia	HAUA_15	Numero medio di ore di volontariato svolte dalle persone di 15 anni e più in 4 settimane	ORGVOL	Volontariato organizzato	9	Totale	Y_UN1	Meno di 1 anno	2013	13.3		
A	Annuale	IT	Italia	HAUA_15	Numero medio di ore di volontariato svolte dalle persone di 15 anni e più in 4 settimane	ORGVOL	Volontariato organizzato	9	Totale	Y_UN1	Meno di 1 anno	2023	12.5		
A	Annuale	IT	Italia	HAUA_15	Numero medio di ore di volontariato svolte dalle persone di 15 anni e più in 4 settimane	ORGVOL	Volontariato organizzato	9	Totale	Y1-2	1-2 anni	2013	16.9		
A	Annuale	IT	Italia	HAUA_15	Numero medio di ore di volontariato svolte dalle persone di 15 anni e più in 4 settimane	ORGVOL	Volontariato organizzato	9	Totale	Y1-2	1-2 anni	2023	16.4		
A	Annuale	IT	Italia	HAUA_15	Numero medio di ore di volontariato svolte dalle persone di 15 anni e più in 4 settimane	ORGVOL	Volontariato organizzato	9	Totale	Y3-4	3-4 anni	2013	16.7		
A	Annuale	IT	Italia	HAUA_15	Numero medio di ore di volontariato svolte dalle persone di 15 anni e più in 4 settimane	ORGVOL	Volontariato organizzato	9	Totale	Y3-4	3-4 anni	2023	21		
A	Annuale	IT	Italia	HAUA_15	Numero medio di ore di volontariato svolte dalle persone di 15 anni e più in 4 settimane	ORGVOL	Volontariato organizzato	9	Totale	Y5-9	5-9 anni	2013	18.5		
A	Annuale	IT	Italia	HAUA_15	Numero medio di ore di volontariato svolte dalle persone di 15 anni e più in 4 settimane	ORGVOL	Volontariato organizzato	9	Totale	Y5-9	5-9 anni	2023	18.2		
A	Annuale	IT	Italia	HAUA_15	Numero medio di ore di volontariato svolte dalle persone di 15 anni e più in 4 settimane	ORGVOL	Volontariato organizzato	9	Totale	Y_GE10	10 anni e più	2013	22		
A	Annuale	IT	Italia	HAUA_15	Numero medio di ore di volontariato svolte dalle persone di 15 anni e più in 4 settimane	ORGVOL	Volontariato organizzato	9	Totale	Y_GE10	10 anni e più	2023	19.4		
A	Annuale	IT	Italia	HAUA_15	Numero medio di ore di volontariato svolte dalle persone di 15 anni e più in 4 settimane	ORGVOL	Volontariato organizzato	9	Totale	OCCAS	Occasionale	2023	9.2		
A	Annuale	IT	Italia	HAUA_15	Numero medio di ore di volontariato svolte dalle persone di 15 anni e più in 4 settimane	ORGVOL	Volontariato organizzato	9	Totale	TOTAL	Totale	2013	18.7		
A	Annuale	IT	Italia	HAUA_15	Numero medio di ore di volontariato svolte dalle persone di 15 anni e più in 4 settimane	ORGVOL	Volontariato organizzato	9	Totale	TOTAL	Totale	2023	17.8		
