FREQ	Frequenza	REF_AREA	Territorio	DATA_TYPE	Indicatore	FORM_VOLUNT	Tipo di volontariato	SEX	Sesso	AGE	Età	TIME_PERIOD	Osservazione	OBS_STATUS	'Stato dell"'osservazione'
A	Annuale	IT	Italia	PGE15_UAAV	Persone di 15 anni e più che hanno svolto attività gratuite	DIRVOL	Volontariato non organizzato	1	Maschi	Y15-24	15-24 anni	2013	103		
A	Annuale	IT	Italia	PGE15_UAAV	Persone di 15 anni e più che hanno svolto attività gratuite	DIRVOL	Volontariato non organizzato	1	Maschi	Y15-24	15-24 anni	2023	82		
A	Annuale	IT	Italia	PGE15_UAAV	Persone di 15 anni e più che hanno svolto attività gratuite	DIRVOL	Volontariato non organizzato	1	Maschi	Y25-34	25-34 anni	2013	181		
A	Annuale	IT	Italia	PGE15_UAAV	Persone di 15 anni e più che hanno svolto attività gratuite	DIRVOL	Volontariato non organizzato	1	Maschi	Y25-34	25-34 anni	2023	148		
A	Annuale	IT	Italia	PGE15_UAAV	Persone di 15 anni e più che hanno svolto attività gratuite	DIRVOL	Volontariato non organizzato	1	Maschi	Y35-44	35-44 anni	2013	285		
A	Annuale	IT	Italia	PGE15_UAAV	Persone di 15 anni e più che hanno svolto attività gratuite	DIRVOL	Volontariato non organizzato	1	Maschi	Y35-44	35-44 anni	2023	188		
A	Annuale	IT	Italia	PGE15_UAAV	Persone di 15 anni e più che hanno svolto attività gratuite	DIRVOL	Volontariato non organizzato	1	Maschi	Y45-54	45-54 anni	2013	333		
A	Annuale	IT	Italia	PGE15_UAAV	Persone di 15 anni e più che hanno svolto attività gratuite	DIRVOL	Volontariato non organizzato	1	Maschi	Y45-54	45-54 anni	2023	212		
A	Annuale	IT	Italia	PGE15_UAAV	Persone di 15 anni e più che hanno svolto attività gratuite	DIRVOL	Volontariato non organizzato	1	Maschi	Y55-64	55-64 anni	2013	276		
A	Annuale	IT	Italia	PGE15_UAAV	Persone di 15 anni e più che hanno svolto attività gratuite	DIRVOL	Volontariato non organizzato	1	Maschi	Y55-64	55-64 anni	2023	239		
A	Annuale	IT	Italia	PGE15_UAAV	Persone di 15 anni e più che hanno svolto attività gratuite	DIRVOL	Volontariato non organizzato	1	Maschi	Y65-74	65-74 anni	2013	186		
A	Annuale	IT	Italia	PGE15_UAAV	Persone di 15 anni e più che hanno svolto attività gratuite	DIRVOL	Volontariato non organizzato	1	Maschi	Y65-74	65-74 anni	2023	224		
A	Annuale	IT	Italia	PGE15_UAAV	Persone di 15 anni e più che hanno svolto attività gratuite	DIRVOL	Volontariato non organizzato	1	Maschi	Y_GE75	75 anni e più	2013	68		
A	Annuale	IT	Italia	PGE15_UAAV	Persone di 15 anni e più che hanno svolto attività gratuite	DIRVOL	Volontariato non organizzato	1	Maschi	Y_GE75	75 anni e più	2023	92		
A	Annuale	IT	Italia	PGE15_UAAV	Persone di 15 anni e più che hanno svolto attività gratuite	DIRVOL	Volontariato non organizzato	1	Maschi	Y_GE15	15 anni e più	2013	1433		
A	Annuale	IT	Italia	PGE15_UAAV	Persone di 15 anni e più che hanno svolto attività gratuite	DIRVOL	Volontariato non organizzato	1	Maschi	Y_GE15	15 anni e più	2023	1186		
A	Annuale	IT	Italia	PGE15_UAAV	Persone di 15 anni e più che hanno svolto attività gratuite	DIRVOL	Volontariato non organizzato	2	Femmine	Y15-24	15-24 anni	2013	115		
A	Annuale	IT	Italia	PGE15_UAAV	Persone di 15 anni e più che hanno svolto attività gratuite	DIRVOL	Volontariato non organizzato	2	Femmine	Y15-24	15-24 anni	2023	89		
A	Annuale	IT	Italia	PGE15_UAAV	Persone di 15 anni e più che hanno svolto attività gratuite	DIRVOL	Volontariato non organizzato	2	Femmine	Y25-34	25-34 anni	2013	185		
A	Annuale	IT	Italia	PGE15_UAAV	Persone di 15 anni e più che hanno svolto attività gratuite	DIRVOL	Volontariato non organizzato	2	Femmine	Y25-34	25-34 anni	2023	108		
A	Annuale	IT	Italia	PGE15_UAAV	Persone di 15 anni e più che hanno svolto attività gratuite	DIRVOL	Volontariato non organizzato	2	Femmine	Y35-44	35-44 anni	2013	406		
A	Annuale	IT	Italia	PGE15_UAAV	Persone di 15 anni e più che hanno svolto attività gratuite	DIRVOL	Volontariato non organizzato	2	Femmine	Y35-44	35-44 anni	2023	201		
A	Annuale	IT	Italia	PGE15_UAAV	Persone di 15 anni e più che hanno svolto attività gratuite	DIRVOL	Volontariato non organizzato	2	Femmine	Y45-54	45-54 anni	2013	308		
A	Annuale	IT	Italia	PGE15_UAAV	Persone di 15 anni e più che hanno svolto attività gratuite	DIRVOL	Volontariato non organizzato	2	Femmine	Y45-54	45-54 anni	2023	327		
A	Annuale	IT	Italia	PGE15_UAAV	Persone di 15 anni e più che hanno svolto attività gratuite	DIRVOL	Volontariato non organizzato	2	Femmine	Y55-64	55-64 anni	2013	261		
A	Annuale	IT	Italia	PGE15_UAAV	Persone di 15 anni e più che hanno svolto attività gratuite	DIRVOL	Volontariato non organizzato	2	Femmine	Y55-64	55-64 anni	2023	295		
A	Annuale	IT	Italia	PGE15_UAAV	Persone di 15 anni e più che hanno svolto attività gratuite	DIRVOL	Volontariato non organizzato	2	Femmine	Y65-74	65-74 anni	2013	182		
A	Annuale	IT	Italia	PGE15_UAAV	Persone di 15 anni e più che hanno svolto attività gratuite	DIRVOL	Volontariato non organizzato	2	Femmine	Y65-74	65-74 anni	2023	186		
A	Annuale	IT	Italia	PGE15_UAAV	Persone di 15 anni e più che hanno svolto attività gratuite	DIRVOL	Volontariato non organizzato	2	Femmine	Y_GE75	75 anni e più	2013	125		
A	Annuale	IT	Italia	PGE15_UAAV	Persone di 15 anni e più che hanno svolto attività gratuite	DIRVOL	Volontariato non organizzato	2	Femmine	Y_GE75	75 anni e più	2023	135		
A	Annuale	IT	Italia	PGE15_UAAV	Persone di 15 anni e più che hanno svolto attività gratuite	DIRVOL	Volontariato non organizzato	2	Femmine	Y_GE15	15 anni e più	2013	1583		
A	Annuale	IT	Italia	PGE15_UAAV	Persone di 15 anni e più che hanno svolto attività gratuite	DIRVOL	Volontariato non organizzato	2	Femmine	Y_GE15	15 anni e più	2023	1341		
A	Annuale	IT	Italia	PGE15_UAAV	Persone di 15 anni e più che hanno svolto attività gratuite	DIRVOL	Volontariato non organizzato	9	Totale	Y15-24	15-24 anni	2013	218		
A	Annuale	IT	Italia	PGE15_UAAV	Persone di 15 anni e più che hanno svolto attività gratuite	DIRVOL	Volontariato non organizzato	9	Totale	Y15-24	15-24 anni	2023	171		
A	Annuale	IT	Italia	PGE15_UAAV	Persone di 15 anni e più che hanno svolto attività gratuite	DIRVOL	Volontariato non organizzato	9	Totale	Y25-34	25-34 anni	2013	366		
A	Annuale	IT	Italia	PGE15_UAAV	Persone di 15 anni e più che hanno svolto attività gratuite	DIRVOL	Volontariato non organizzato	9	Totale	Y25-34	25-34 anni	2023	255		
A	Annuale	IT	Italia	PGE15_UAAV	Persone di 15 anni e più che hanno svolto attività gratuite	DIRVOL	Volontariato non organizzato	9	Totale	Y35-44	35-44 anni	2013	692		
A	Annuale	IT	Italia	PGE15_UAAV	Persone di 15 anni e più che hanno svolto attività gratuite	DIRVOL	Volontariato non organizzato	9	Totale	Y35-44	35-44 anni	2023	389		
A	Annuale	IT	Italia	PGE15_UAAV	Persone di 15 anni e più che hanno svolto attività gratuite	DIRVOL	Volontariato non organizzato	9	Totale	Y45-54	45-54 anni	2013	642		
A	Annuale	IT	Italia	PGE15_UAAV	Persone di 15 anni e più che hanno svolto attività gratuite	DIRVOL	Volontariato non organizzato	9	Totale	Y45-54	45-54 anni	2023	539		
A	Annuale	IT	Italia	PGE15_UAAV	Persone di 15 anni e più che hanno svolto attività gratuite	DIRVOL	Volontariato non organizzato	9	Totale	Y55-64	55-64 anni	2013	538		
A	Annuale	IT	Italia	PGE15_UAAV	Persone di 15 anni e più che hanno svolto attività gratuite	DIRVOL	Volontariato non organizzato	9	Totale	Y55-64	55-64 anni	2023	534		
A	Annuale	IT	Italia	PGE15_UAAV	Persone di 15 anni e più che hanno svolto attività gratuite	DIRVOL	Volontariato non organizzato	9	Totale	Y65-74	65-74 anni	2013	368		
A	Annuale	IT	Italia	PGE15_UAAV	Persone di 15 anni e più che hanno svolto attività gratuite	DIRVOL	Volontariato non organizzato	9	Totale	Y65-74	65-74 anni	2023	410		
A	Annuale	IT	Italia	PGE15_UAAV	Persone di 15 anni e più che hanno svolto attività gratuite	DIRVOL	Volontariato non organizzato	9	Totale	Y_GE75	75 anni e più	2013	192		
A	Annuale	IT	Italia	PGE15_UAAV	Persone di 15 anni e più che hanno svolto attività gratuite	DIRVOL	Volontariato non organizzato	9	Totale	Y_GE75	75 anni e più	2023	227		
A	Annuale	IT	Italia	PGE15_UAAV	Persone di 15 anni e più che hanno svolto attività gratuite	DIRVOL	Volontariato non organizzato	9	Totale	Y_GE15	15 anni e più	2013	3016		
A	Annuale	IT	Italia	PGE15_UAAV	Persone di 15 anni e più che hanno svolto attività gratuite	DIRVOL	Volontariato non organizzato	9	Totale	Y_GE15	15 anni e più	2023	2526		
A	Annuale	IT	Italia	PGE15_UAAV	Persone di 15 anni e più che hanno svolto attività gratuite	ORGVOL	Volontariato organizzato	1	Maschi	Y15-24	15-24 anni	2013	229		
A	Annuale	IT	Italia	PGE15_UAAV	Persone di 15 anni e più che hanno svolto attività gratuite	ORGVOL	Volontariato organizzato	1	Maschi	Y15-24	15-24 anni	2023	172		
A	Annuale	IT	Italia	PGE15_UAAV	Persone di 15 anni e più che hanno svolto attività gratuite	ORGVOL	Volontariato organizzato	1	Maschi	Y25-34	25-34 anni	2013	270		
A	Annuale	IT	Italia	PGE15_UAAV	Persone di 15 anni e più che hanno svolto attività gratuite	ORGVOL	Volontariato organizzato	1	Maschi	Y25-34	25-34 anni	2023	144		
A	Annuale	IT	Italia	PGE15_UAAV	Persone di 15 anni e più che hanno svolto attività gratuite	ORGVOL	Volontariato organizzato	1	Maschi	Y35-44	35-44 anni	2013	397		
A	Annuale	IT	Italia	PGE15_UAAV	Persone di 15 anni e più che hanno svolto attività gratuite	ORGVOL	Volontariato organizzato	1	Maschi	Y35-44	35-44 anni	2023	189		
A	Annuale	IT	Italia	PGE15_UAAV	Persone di 15 anni e più che hanno svolto attività gratuite	ORGVOL	Volontariato organizzato	1	Maschi	Y45-54	45-54 anni	2013	494		
A	Annuale	IT	Italia	PGE15_UAAV	Persone di 15 anni e più che hanno svolto attività gratuite	ORGVOL	Volontariato organizzato	1	Maschi	Y45-54	45-54 anni	2023	304		
A	Annuale	IT	Italia	PGE15_UAAV	Persone di 15 anni e più che hanno svolto attività gratuite	ORGVOL	Volontariato organizzato	1	Maschi	Y55-64	55-64 anni	2013	443		
A	Annuale	IT	Italia	PGE15_UAAV	Persone di 15 anni e più che hanno svolto attività gratuite	ORGVOL	Volontariato organizzato	1	Maschi	Y55-64	55-64 anni	2023	346		
A	Annuale	IT	Italia	PGE15_UAAV	Persone di 15 anni e più che hanno svolto attività gratuite	ORGVOL	Volontariato organizzato	1	Maschi	Y65-74	65-74 anni	2013	288		
A	Annuale	IT	Italia	PGE15_UAAV	Persone di 15 anni e più che hanno svolto attività gratuite	ORGVOL	Volontariato organizzato	1	Maschi	Y65-74	65-74 anni	2023	350		
A	Annuale	IT	Italia	PGE15_UAAV	Persone di 15 anni e più che hanno svolto attività gratuite	ORGVOL	Volontariato organizzato	1	Maschi	Y_GE75	75 anni e più	2013	101		
A	Annuale	IT	Italia	PGE15_UAAV	Persone di 15 anni e più che hanno svolto attività gratuite	ORGVOL	Volontariato organizzato	1	Maschi	Y_GE75	75 anni e più	2023	144		
A	Annuale	IT	Italia	PGE15_UAAV	Persone di 15 anni e più che hanno svolto attività gratuite	ORGVOL	Volontariato organizzato	1	Maschi	Y_GE15	15 anni e più	2013	2223		
A	Annuale	IT	Italia	PGE15_UAAV	Persone di 15 anni e più che hanno svolto attività gratuite	ORGVOL	Volontariato organizzato	1	Maschi	Y_GE15	15 anni e più	2023	1647		
A	Annuale	IT	Italia	PGE15_UAAV	Persone di 15 anni e più che hanno svolto attività gratuite	ORGVOL	Volontariato organizzato	2	Femmine	Y15-24	15-24 anni	2013	222		
A	Annuale	IT	Italia	PGE15_UAAV	Persone di 15 anni e più che hanno svolto attività gratuite	ORGVOL	Volontariato organizzato	2	Femmine	Y15-24	15-24 anni	2023	136		
A	Annuale	IT	Italia	PGE15_UAAV	Persone di 15 anni e più che hanno svolto attività gratuite	ORGVOL	Volontariato organizzato	2	Femmine	Y25-34	25-34 anni	2013	221		
A	Annuale	IT	Italia	PGE15_UAAV	Persone di 15 anni e più che hanno svolto attività gratuite	ORGVOL	Volontariato organizzato	2	Femmine	Y25-34	25-34 anni	2023	134		
A	Annuale	IT	Italia	PGE15_UAAV	Persone di 15 anni e più che hanno svolto attività gratuite	ORGVOL	Volontariato organizzato	2	Femmine	Y35-44	35-44 anni	2013	363		
A	Annuale	IT	Italia	PGE15_UAAV	Persone di 15 anni e più che hanno svolto attività gratuite	ORGVOL	Volontariato organizzato	2	Femmine	Y35-44	35-44 anni	2023	172		
A	Annuale	IT	Italia	PGE15_UAAV	Persone di 15 anni e più che hanno svolto attività gratuite	ORGVOL	Volontariato organizzato	2	Femmine	Y45-54	45-54 anni	2013	390		
A	Annuale	IT	Italia	PGE15_UAAV	Persone di 15 anni e più che hanno svolto attività gratuite	ORGVOL	Volontariato organizzato	2	Femmine	Y45-54	45-54 anni	2023	304		
A	Annuale	IT	Italia	PGE15_UAAV	Persone di 15 anni e più che hanno svolto attività gratuite	ORGVOL	Volontariato organizzato	2	Femmine	Y55-64	55-64 anni	2013	362		
A	Annuale	IT	Italia	PGE15_UAAV	Persone di 15 anni e più che hanno svolto attività gratuite	ORGVOL	Volontariato organizzato	2	Femmine	Y55-64	55-64 anni	2023	366		
A	Annuale	IT	Italia	PGE15_UAAV	Persone di 15 anni e più che hanno svolto attività gratuite	ORGVOL	Volontariato organizzato	2	Femmine	Y65-74	65-74 anni	2013	243		
A	Annuale	IT	Italia	PGE15_UAAV	Persone di 15 anni e più che hanno svolto attività gratuite	ORGVOL	Volontariato organizzato	2	Femmine	Y65-74	65-74 anni	2023	270		
A	Annuale	IT	Italia	PGE15_UAAV	Persone di 15 anni e più che hanno svolto attività gratuite	ORGVOL	Volontariato organizzato	2	Femmine	Y_GE75	75 anni e più	2013	99		
A	Annuale	IT	Italia	PGE15_UAAV	Persone di 15 anni e più che hanno svolto attività gratuite	ORGVOL	Volontariato organizzato	2	Femmine	Y_GE75	75 anni e più	2023	146		
A	Annuale	IT	Italia	PGE15_UAAV	Persone di 15 anni e più che hanno svolto attività gratuite	ORGVOL	Volontariato organizzato	2	Femmine	Y_GE15	15 anni e più	2013	1900		
A	Annuale	IT	Italia	PGE15_UAAV	Persone di 15 anni e più che hanno svolto attività gratuite	ORGVOL	Volontariato organizzato	2	Femmine	Y_GE15	15 anni e più	2023	1527		
A	Annuale	IT	Italia	PGE15_UAAV	Persone di 15 anni e più che hanno svolto attività gratuite	ORGVOL	Volontariato organizzato	9	Totale	Y15-24	15-24 anni	2013	451		
A	Annuale	IT	Italia	PGE15_UAAV	Persone di 15 anni e più che hanno svolto attività gratuite	ORGVOL	Volontariato organizzato	9	Totale	Y15-24	15-24 anni	2023	308		
A	Annuale	IT	Italia	PGE15_UAAV	Persone di 15 anni e più che hanno svolto attività gratuite	ORGVOL	Volontariato organizzato	9	Totale	Y25-34	25-34 anni	2013	491		
A	Annuale	IT	Italia	PGE15_UAAV	Persone di 15 anni e più che hanno svolto attività gratuite	ORGVOL	Volontariato organizzato	9	Totale	Y25-34	25-34 anni	2023	278		
A	Annuale	IT	Italia	PGE15_UAAV	Persone di 15 anni e più che hanno svolto attività gratuite	ORGVOL	Volontariato organizzato	9	Totale	Y35-44	35-44 anni	2013	760		
A	Annuale	IT	Italia	PGE15_UAAV	Persone di 15 anni e più che hanno svolto attività gratuite	ORGVOL	Volontariato organizzato	9	Totale	Y35-44	35-44 anni	2023	360		
A	Annuale	IT	Italia	PGE15_UAAV	Persone di 15 anni e più che hanno svolto attività gratuite	ORGVOL	Volontariato organizzato	9	Totale	Y45-54	45-54 anni	2013	884		
A	Annuale	IT	Italia	PGE15_UAAV	Persone di 15 anni e più che hanno svolto attività gratuite	ORGVOL	Volontariato organizzato	9	Totale	Y45-54	45-54 anni	2023	607		
A	Annuale	IT	Italia	PGE15_UAAV	Persone di 15 anni e più che hanno svolto attività gratuite	ORGVOL	Volontariato organizzato	9	Totale	Y55-64	55-64 anni	2013	805		
A	Annuale	IT	Italia	PGE15_UAAV	Persone di 15 anni e più che hanno svolto attività gratuite	ORGVOL	Volontariato organizzato	9	Totale	Y55-64	55-64 anni	2023	711		
A	Annuale	IT	Italia	PGE15_UAAV	Persone di 15 anni e più che hanno svolto attività gratuite	ORGVOL	Volontariato organizzato	9	Totale	Y65-74	65-74 anni	2013	531		
A	Annuale	IT	Italia	PGE15_UAAV	Persone di 15 anni e più che hanno svolto attività gratuite	ORGVOL	Volontariato organizzato	9	Totale	Y65-74	65-74 anni	2023	621		
A	Annuale	IT	Italia	PGE15_UAAV	Persone di 15 anni e più che hanno svolto attività gratuite	ORGVOL	Volontariato organizzato	9	Totale	Y_GE75	75 anni e più	2013	199		
A	Annuale	IT	Italia	PGE15_UAAV	Persone di 15 anni e più che hanno svolto attività gratuite	ORGVOL	Volontariato organizzato	9	Totale	Y_GE75	75 anni e più	2023	290		
A	Annuale	IT	Italia	PGE15_UAAV	Persone di 15 anni e più che hanno svolto attività gratuite	ORGVOL	Volontariato organizzato	9	Totale	Y_GE15	15 anni e più	2013	4123		
A	Annuale	IT	Italia	PGE15_UAAV	Persone di 15 anni e più che hanno svolto attività gratuite	ORGVOL	Volontariato organizzato	9	Totale	Y_GE15	15 anni e più	2023	3175		
A	Annuale	IT	Italia	PGE15_UAPV	Persone di 15 anni e più che hanno svolto attività di volontariato (valori percentuali)	DIRVOL	Volontariato non organizzato	1	Maschi	Y15-24	15-24 anni	2013	3.3		
A	Annuale	IT	Italia	PGE15_UAPV	Persone di 15 anni e più che hanno svolto attività di volontariato (valori percentuali)	DIRVOL	Volontariato non organizzato	1	Maschi	Y15-24	15-24 anni	2023	2.7		
A	Annuale	IT	Italia	PGE15_UAPV	Persone di 15 anni e più che hanno svolto attività di volontariato (valori percentuali)	DIRVOL	Volontariato non organizzato	1	Maschi	Y25-34	25-34 anni	2013	5.2		
A	Annuale	IT	Italia	PGE15_UAPV	Persone di 15 anni e più che hanno svolto attività di volontariato (valori percentuali)	DIRVOL	Volontariato non organizzato	1	Maschi	Y25-34	25-34 anni	2023	4.7		
A	Annuale	IT	Italia	PGE15_UAPV	Persone di 15 anni e più che hanno svolto attività di volontariato (valori percentuali)	DIRVOL	Volontariato non organizzato	1	Maschi	Y35-44	35-44 anni	2013	5.9		
A	Annuale	IT	Italia	PGE15_UAPV	Persone di 15 anni e più che hanno svolto attività di volontariato (valori percentuali)	DIRVOL	Volontariato non organizzato	1	Maschi	Y35-44	35-44 anni	2023	5.3		
A	Annuale	IT	Italia	PGE15_UAPV	Persone di 15 anni e più che hanno svolto attività di volontariato (valori percentuali)	DIRVOL	Volontariato non organizzato	1	Maschi	Y45-54	45-54 anni	2013	7.5		
A	Annuale	IT	Italia	PGE15_UAPV	Persone di 15 anni e più che hanno svolto attività di volontariato (valori percentuali)	DIRVOL	Volontariato non organizzato	1	Maschi	Y45-54	45-54 anni	2023	4.7		
A	Annuale	IT	Italia	PGE15_UAPV	Persone di 15 anni e più che hanno svolto attività di volontariato (valori percentuali)	DIRVOL	Volontariato non organizzato	1	Maschi	Y55-64	55-64 anni	2013	7.3		
A	Annuale	IT	Italia	PGE15_UAPV	Persone di 15 anni e più che hanno svolto attività di volontariato (valori percentuali)	DIRVOL	Volontariato non organizzato	1	Maschi	Y55-64	55-64 anni	2023	5.4		
A	Annuale	IT	Italia	PGE15_UAPV	Persone di 15 anni e più che hanno svolto attività di volontariato (valori percentuali)	DIRVOL	Volontariato non organizzato	1	Maschi	Y65-74	65-74 anni	2013	6.1		
A	Annuale	IT	Italia	PGE15_UAPV	Persone di 15 anni e più che hanno svolto attività di volontariato (valori percentuali)	DIRVOL	Volontariato non organizzato	1	Maschi	Y65-74	65-74 anni	2023	7.1		
A	Annuale	IT	Italia	PGE15_UAPV	Persone di 15 anni e più che hanno svolto attività di volontariato (valori percentuali)	DIRVOL	Volontariato non organizzato	1	Maschi	Y_GE75	75 anni e più	2013	2.9		
A	Annuale	IT	Italia	PGE15_UAPV	Persone di 15 anni e più che hanno svolto attività di volontariato (valori percentuali)	DIRVOL	Volontariato non organizzato	1	Maschi	Y_GE75	75 anni e più	2023	3		
A	Annuale	IT	Italia	PGE15_UAPV	Persone di 15 anni e più che hanno svolto attività di volontariato (valori percentuali)	DIRVOL	Volontariato non organizzato	1	Maschi	Y_GE15	15 anni e più	2013	5.7		
A	Annuale	IT	Italia	PGE15_UAPV	Persone di 15 anni e più che hanno svolto attività di volontariato (valori percentuali)	DIRVOL	Volontariato non organizzato	1	Maschi	Y_GE15	15 anni e più	2023	4.8		
A	Annuale	IT	Italia	PGE15_UAPV	Persone di 15 anni e più che hanno svolto attività di volontariato (valori percentuali)	DIRVOL	Volontariato non organizzato	2	Femmine	Y15-24	15-24 anni	2013	3.9		
A	Annuale	IT	Italia	PGE15_UAPV	Persone di 15 anni e più che hanno svolto attività di volontariato (valori percentuali)	DIRVOL	Volontariato non organizzato	2	Femmine	Y15-24	15-24 anni	2023	3.2		
A	Annuale	IT	Italia	PGE15_UAPV	Persone di 15 anni e più che hanno svolto attività di volontariato (valori percentuali)	DIRVOL	Volontariato non organizzato	2	Femmine	Y25-34	25-34 anni	2013	5.4		
A	Annuale	IT	Italia	PGE15_UAPV	Persone di 15 anni e più che hanno svolto attività di volontariato (valori percentuali)	DIRVOL	Volontariato non organizzato	2	Femmine	Y25-34	25-34 anni	2023	3.6		
A	Annuale	IT	Italia	PGE15_UAPV	Persone di 15 anni e più che hanno svolto attività di volontariato (valori percentuali)	DIRVOL	Volontariato non organizzato	2	Femmine	Y35-44	35-44 anni	2013	8.3		
A	Annuale	IT	Italia	PGE15_UAPV	Persone di 15 anni e più che hanno svolto attività di volontariato (valori percentuali)	DIRVOL	Volontariato non organizzato	2	Femmine	Y35-44	35-44 anni	2023	5.7		
A	Annuale	IT	Italia	PGE15_UAPV	Persone di 15 anni e più che hanno svolto attività di volontariato (valori percentuali)	DIRVOL	Volontariato non organizzato	2	Femmine	Y45-54	45-54 anni	2013	6.6		
A	Annuale	IT	Italia	PGE15_UAPV	Persone di 15 anni e più che hanno svolto attività di volontariato (valori percentuali)	DIRVOL	Volontariato non organizzato	2	Femmine	Y45-54	45-54 anni	2023	7.1		
A	Annuale	IT	Italia	PGE15_UAPV	Persone di 15 anni e più che hanno svolto attività di volontariato (valori percentuali)	DIRVOL	Volontariato non organizzato	2	Femmine	Y55-64	55-64 anni	2013	6.7		
A	Annuale	IT	Italia	PGE15_UAPV	Persone di 15 anni e più che hanno svolto attività di volontariato (valori percentuali)	DIRVOL	Volontariato non organizzato	2	Femmine	Y55-64	55-64 anni	2023	6.4		
A	Annuale	IT	Italia	PGE15_UAPV	Persone di 15 anni e più che hanno svolto attività di volontariato (valori percentuali)	DIRVOL	Volontariato non organizzato	2	Femmine	Y65-74	65-74 anni	2013	5.3		
A	Annuale	IT	Italia	PGE15_UAPV	Persone di 15 anni e più che hanno svolto attività di volontariato (valori percentuali)	DIRVOL	Volontariato non organizzato	2	Femmine	Y65-74	65-74 anni	2023	5.2		
A	Annuale	IT	Italia	PGE15_UAPV	Persone di 15 anni e più che hanno svolto attività di volontariato (valori percentuali)	DIRVOL	Volontariato non organizzato	2	Femmine	Y_GE75	75 anni e più	2013	3.3		
A	Annuale	IT	Italia	PGE15_UAPV	Persone di 15 anni e più che hanno svolto attività di volontariato (valori percentuali)	DIRVOL	Volontariato non organizzato	2	Femmine	Y_GE75	75 anni e più	2023	3.1		
A	Annuale	IT	Italia	PGE15_UAPV	Persone di 15 anni e più che hanno svolto attività di volontariato (valori percentuali)	DIRVOL	Volontariato non organizzato	2	Femmine	Y_GE15	15 anni e più	2013	5.9		
A	Annuale	IT	Italia	PGE15_UAPV	Persone di 15 anni e più che hanno svolto attività di volontariato (valori percentuali)	DIRVOL	Volontariato non organizzato	2	Femmine	Y_GE15	15 anni e più	2023	5.1		
A	Annuale	IT	Italia	PGE15_UAPV	Persone di 15 anni e più che hanno svolto attività di volontariato (valori percentuali)	DIRVOL	Volontariato non organizzato	9	Totale	Y15-24	15-24 anni	2013	3.6		
A	Annuale	IT	Italia	PGE15_UAPV	Persone di 15 anni e più che hanno svolto attività di volontariato (valori percentuali)	DIRVOL	Volontariato non organizzato	9	Totale	Y15-24	15-24 anni	2023	2.9		
A	Annuale	IT	Italia	PGE15_UAPV	Persone di 15 anni e più che hanno svolto attività di volontariato (valori percentuali)	DIRVOL	Volontariato non organizzato	9	Totale	Y25-34	25-34 anni	2013	5.3		
A	Annuale	IT	Italia	PGE15_UAPV	Persone di 15 anni e più che hanno svolto attività di volontariato (valori percentuali)	DIRVOL	Volontariato non organizzato	9	Totale	Y25-34	25-34 anni	2023	4.1		
A	Annuale	IT	Italia	PGE15_UAPV	Persone di 15 anni e più che hanno svolto attività di volontariato (valori percentuali)	DIRVOL	Volontariato non organizzato	9	Totale	Y35-44	35-44 anni	2013	7.1		
A	Annuale	IT	Italia	PGE15_UAPV	Persone di 15 anni e più che hanno svolto attività di volontariato (valori percentuali)	DIRVOL	Volontariato non organizzato	9	Totale	Y35-44	35-44 anni	2023	5.5		
A	Annuale	IT	Italia	PGE15_UAPV	Persone di 15 anni e più che hanno svolto attività di volontariato (valori percentuali)	DIRVOL	Volontariato non organizzato	9	Totale	Y45-54	45-54 anni	2013	7		
A	Annuale	IT	Italia	PGE15_UAPV	Persone di 15 anni e più che hanno svolto attività di volontariato (valori percentuali)	DIRVOL	Volontariato non organizzato	9	Totale	Y45-54	45-54 anni	2023	5.9		
A	Annuale	IT	Italia	PGE15_UAPV	Persone di 15 anni e più che hanno svolto attività di volontariato (valori percentuali)	DIRVOL	Volontariato non organizzato	9	Totale	Y55-64	55-64 anni	2013	7		
A	Annuale	IT	Italia	PGE15_UAPV	Persone di 15 anni e più che hanno svolto attività di volontariato (valori percentuali)	DIRVOL	Volontariato non organizzato	9	Totale	Y55-64	55-64 anni	2023	5.9		
A	Annuale	IT	Italia	PGE15_UAPV	Persone di 15 anni e più che hanno svolto attività di volontariato (valori percentuali)	DIRVOL	Volontariato non organizzato	9	Totale	Y65-74	65-74 anni	2013	5.7		
A	Annuale	IT	Italia	PGE15_UAPV	Persone di 15 anni e più che hanno svolto attività di volontariato (valori percentuali)	DIRVOL	Volontariato non organizzato	9	Totale	Y65-74	65-74 anni	2023	6.1		
A	Annuale	IT	Italia	PGE15_UAPV	Persone di 15 anni e più che hanno svolto attività di volontariato (valori percentuali)	DIRVOL	Volontariato non organizzato	9	Totale	Y_GE75	75 anni e più	2013	3.2		
A	Annuale	IT	Italia	PGE15_UAPV	Persone di 15 anni e più che hanno svolto attività di volontariato (valori percentuali)	DIRVOL	Volontariato non organizzato	9	Totale	Y_GE75	75 anni e più	2023	3.1		
A	Annuale	IT	Italia	PGE15_UAPV	Persone di 15 anni e più che hanno svolto attività di volontariato (valori percentuali)	DIRVOL	Volontariato non organizzato	9	Totale	Y_GE15	15 anni e più	2013	5.8		
A	Annuale	IT	Italia	PGE15_UAPV	Persone di 15 anni e più che hanno svolto attività di volontariato (valori percentuali)	DIRVOL	Volontariato non organizzato	9	Totale	Y_GE15	15 anni e più	2023	4.9		
A	Annuale	IT	Italia	PGE15_UAPV	Persone di 15 anni e più che hanno svolto attività di volontariato (valori percentuali)	ORGVOL	Volontariato organizzato	1	Maschi	Y15-24	15-24 anni	2013	7.5		
A	Annuale	IT	Italia	PGE15_UAPV	Persone di 15 anni e più che hanno svolto attività di volontariato (valori percentuali)	ORGVOL	Volontariato organizzato	1	Maschi	Y15-24	15-24 anni	2023	5.7		
A	Annuale	IT	Italia	PGE15_UAPV	Persone di 15 anni e più che hanno svolto attività di volontariato (valori percentuali)	ORGVOL	Volontariato organizzato	1	Maschi	Y25-34	25-34 anni	2013	7.7		
A	Annuale	IT	Italia	PGE15_UAPV	Persone di 15 anni e più che hanno svolto attività di volontariato (valori percentuali)	ORGVOL	Volontariato organizzato	1	Maschi	Y25-34	25-34 anni	2023	4.5		
A	Annuale	IT	Italia	PGE15_UAPV	Persone di 15 anni e più che hanno svolto attività di volontariato (valori percentuali)	ORGVOL	Volontariato organizzato	1	Maschi	Y35-44	35-44 anni	2013	8.2		
A	Annuale	IT	Italia	PGE15_UAPV	Persone di 15 anni e più che hanno svolto attività di volontariato (valori percentuali)	ORGVOL	Volontariato organizzato	1	Maschi	Y35-44	35-44 anni	2023	5.3		
A	Annuale	IT	Italia	PGE15_UAPV	Persone di 15 anni e più che hanno svolto attività di volontariato (valori percentuali)	ORGVOL	Volontariato organizzato	1	Maschi	Y45-54	45-54 anni	2013	11.2		
A	Annuale	IT	Italia	PGE15_UAPV	Persone di 15 anni e più che hanno svolto attività di volontariato (valori percentuali)	ORGVOL	Volontariato organizzato	1	Maschi	Y45-54	45-54 anni	2023	6.7		
A	Annuale	IT	Italia	PGE15_UAPV	Persone di 15 anni e più che hanno svolto attività di volontariato (valori percentuali)	ORGVOL	Volontariato organizzato	1	Maschi	Y55-64	55-64 anni	2013	11.7		
A	Annuale	IT	Italia	PGE15_UAPV	Persone di 15 anni e più che hanno svolto attività di volontariato (valori percentuali)	ORGVOL	Volontariato organizzato	1	Maschi	Y55-64	55-64 anni	2023	7.8		
A	Annuale	IT	Italia	PGE15_UAPV	Persone di 15 anni e più che hanno svolto attività di volontariato (valori percentuali)	ORGVOL	Volontariato organizzato	1	Maschi	Y65-74	65-74 anni	2013	9.5		
A	Annuale	IT	Italia	PGE15_UAPV	Persone di 15 anni e più che hanno svolto attività di volontariato (valori percentuali)	ORGVOL	Volontariato organizzato	1	Maschi	Y65-74	65-74 anni	2023	11.2		
A	Annuale	IT	Italia	PGE15_UAPV	Persone di 15 anni e più che hanno svolto attività di volontariato (valori percentuali)	ORGVOL	Volontariato organizzato	1	Maschi	Y_GE75	75 anni e più	2013	4.3		
A	Annuale	IT	Italia	PGE15_UAPV	Persone di 15 anni e più che hanno svolto attività di volontariato (valori percentuali)	ORGVOL	Volontariato organizzato	1	Maschi	Y_GE75	75 anni e più	2023	4.6		
A	Annuale	IT	Italia	PGE15_UAPV	Persone di 15 anni e più che hanno svolto attività di volontariato (valori percentuali)	ORGVOL	Volontariato organizzato	1	Maschi	Y_GE15	15 anni e più	2013	8.9		
A	Annuale	IT	Italia	PGE15_UAPV	Persone di 15 anni e più che hanno svolto attività di volontariato (valori percentuali)	ORGVOL	Volontariato organizzato	1	Maschi	Y_GE15	15 anni e più	2023	6.6		
A	Annuale	IT	Italia	PGE15_UAPV	Persone di 15 anni e più che hanno svolto attività di volontariato (valori percentuali)	ORGVOL	Volontariato organizzato	2	Femmine	Y15-24	15-24 anni	2013	7.6		
A	Annuale	IT	Italia	PGE15_UAPV	Persone di 15 anni e più che hanno svolto attività di volontariato (valori percentuali)	ORGVOL	Volontariato organizzato	2	Femmine	Y15-24	15-24 anni	2023	4.9		
A	Annuale	IT	Italia	PGE15_UAPV	Persone di 15 anni e più che hanno svolto attività di volontariato (valori percentuali)	ORGVOL	Volontariato organizzato	2	Femmine	Y25-34	25-34 anni	2013	6.5		
A	Annuale	IT	Italia	PGE15_UAPV	Persone di 15 anni e più che hanno svolto attività di volontariato (valori percentuali)	ORGVOL	Volontariato organizzato	2	Femmine	Y25-34	25-34 anni	2023	4.5		
A	Annuale	IT	Italia	PGE15_UAPV	Persone di 15 anni e più che hanno svolto attività di volontariato (valori percentuali)	ORGVOL	Volontariato organizzato	2	Femmine	Y35-44	35-44 anni	2013	7.4		
A	Annuale	IT	Italia	PGE15_UAPV	Persone di 15 anni e più che hanno svolto attività di volontariato (valori percentuali)	ORGVOL	Volontariato organizzato	2	Femmine	Y35-44	35-44 anni	2023	4.9		
A	Annuale	IT	Italia	PGE15_UAPV	Persone di 15 anni e più che hanno svolto attività di volontariato (valori percentuali)	ORGVOL	Volontariato organizzato	2	Femmine	Y45-54	45-54 anni	2013	8.3		
A	Annuale	IT	Italia	PGE15_UAPV	Persone di 15 anni e più che hanno svolto attività di volontariato (valori percentuali)	ORGVOL	Volontariato organizzato	2	Femmine	Y45-54	45-54 anni	2023	6.5		
A	Annuale	IT	Italia	PGE15_UAPV	Persone di 15 anni e più che hanno svolto attività di volontariato (valori percentuali)	ORGVOL	Volontariato organizzato	2	Femmine	Y55-64	55-64 anni	2013	9.3		
A	Annuale	IT	Italia	PGE15_UAPV	Persone di 15 anni e più che hanno svolto attività di volontariato (valori percentuali)	ORGVOL	Volontariato organizzato	2	Femmine	Y55-64	55-64 anni	2023	7.9		
A	Annuale	IT	Italia	PGE15_UAPV	Persone di 15 anni e più che hanno svolto attività di volontariato (valori percentuali)	ORGVOL	Volontariato organizzato	2	Femmine	Y65-74	65-74 anni	2013	7.1		
A	Annuale	IT	Italia	PGE15_UAPV	Persone di 15 anni e più che hanno svolto attività di volontariato (valori percentuali)	ORGVOL	Volontariato organizzato	2	Femmine	Y65-74	65-74 anni	2023	7.5		
A	Annuale	IT	Italia	PGE15_UAPV	Persone di 15 anni e più che hanno svolto attività di volontariato (valori percentuali)	ORGVOL	Volontariato organizzato	2	Femmine	Y_GE75	75 anni e più	2013	2.6		
A	Annuale	IT	Italia	PGE15_UAPV	Persone di 15 anni e più che hanno svolto attività di volontariato (valori percentuali)	ORGVOL	Volontariato organizzato	2	Femmine	Y_GE75	75 anni e più	2023	3.4		
A	Annuale	IT	Italia	PGE15_UAPV	Persone di 15 anni e più che hanno svolto attività di volontariato (valori percentuali)	ORGVOL	Volontariato organizzato	2	Femmine	Y_GE15	15 anni e più	2013	7		
A	Annuale	IT	Italia	PGE15_UAPV	Persone di 15 anni e più che hanno svolto attività di volontariato (valori percentuali)	ORGVOL	Volontariato organizzato	2	Femmine	Y_GE15	15 anni e più	2023	5.8		
A	Annuale	IT	Italia	PGE15_UAPV	Persone di 15 anni e più che hanno svolto attività di volontariato (valori percentuali)	ORGVOL	Volontariato organizzato	9	Totale	Y15-24	15-24 anni	2013	7.5		
A	Annuale	IT	Italia	PGE15_UAPV	Persone di 15 anni e più che hanno svolto attività di volontariato (valori percentuali)	ORGVOL	Volontariato organizzato	9	Totale	Y15-24	15-24 anni	2023	5.3		
A	Annuale	IT	Italia	PGE15_UAPV	Persone di 15 anni e più che hanno svolto attività di volontariato (valori percentuali)	ORGVOL	Volontariato organizzato	9	Totale	Y25-34	25-34 anni	2013	7.1		
A	Annuale	IT	Italia	PGE15_UAPV	Persone di 15 anni e più che hanno svolto attività di volontariato (valori percentuali)	ORGVOL	Volontariato organizzato	9	Totale	Y25-34	25-34 anni	2023	4.5		
A	Annuale	IT	Italia	PGE15_UAPV	Persone di 15 anni e più che hanno svolto attività di volontariato (valori percentuali)	ORGVOL	Volontariato organizzato	9	Totale	Y35-44	35-44 anni	2013	7.8		
A	Annuale	IT	Italia	PGE15_UAPV	Persone di 15 anni e più che hanno svolto attività di volontariato (valori percentuali)	ORGVOL	Volontariato organizzato	9	Totale	Y35-44	35-44 anni	2023	5.1		
A	Annuale	IT	Italia	PGE15_UAPV	Persone di 15 anni e più che hanno svolto attività di volontariato (valori percentuali)	ORGVOL	Volontariato organizzato	9	Totale	Y45-54	45-54 anni	2013	9.7		
A	Annuale	IT	Italia	PGE15_UAPV	Persone di 15 anni e più che hanno svolto attività di volontariato (valori percentuali)	ORGVOL	Volontariato organizzato	9	Totale	Y45-54	45-54 anni	2023	6.6		
A	Annuale	IT	Italia	PGE15_UAPV	Persone di 15 anni e più che hanno svolto attività di volontariato (valori percentuali)	ORGVOL	Volontariato organizzato	9	Totale	Y55-64	55-64 anni	2013	10.5		
A	Annuale	IT	Italia	PGE15_UAPV	Persone di 15 anni e più che hanno svolto attività di volontariato (valori percentuali)	ORGVOL	Volontariato organizzato	9	Totale	Y55-64	55-64 anni	2023	7.9		
A	Annuale	IT	Italia	PGE15_UAPV	Persone di 15 anni e più che hanno svolto attività di volontariato (valori percentuali)	ORGVOL	Volontariato organizzato	9	Totale	Y65-74	65-74 anni	2013	8.2		
A	Annuale	IT	Italia	PGE15_UAPV	Persone di 15 anni e più che hanno svolto attività di volontariato (valori percentuali)	ORGVOL	Volontariato organizzato	9	Totale	Y65-74	65-74 anni	2023	9.2		
A	Annuale	IT	Italia	PGE15_UAPV	Persone di 15 anni e più che hanno svolto attività di volontariato (valori percentuali)	ORGVOL	Volontariato organizzato	9	Totale	Y_GE75	75 anni e più	2013	3.3		
A	Annuale	IT	Italia	PGE15_UAPV	Persone di 15 anni e più che hanno svolto attività di volontariato (valori percentuali)	ORGVOL	Volontariato organizzato	9	Totale	Y_GE75	75 anni e più	2023	3.9		
A	Annuale	IT	Italia	PGE15_UAPV	Persone di 15 anni e più che hanno svolto attività di volontariato (valori percentuali)	ORGVOL	Volontariato organizzato	9	Totale	Y_GE15	15 anni e più	2013	7.9		
A	Annuale	IT	Italia	PGE15_UAPV	Persone di 15 anni e più che hanno svolto attività di volontariato (valori percentuali)	ORGVOL	Volontariato organizzato	9	Totale	Y_GE15	15 anni e più	2023	6.2		
A	Annuale	IT	Italia	PGE15_UAPV	Persone di 15 anni e più che hanno svolto attività di volontariato (valori percentuali)	TOTAL	Totale	1	Maschi	Y15-24	15-24 anni	2013	10		
A	Annuale	IT	Italia	PGE15_UAPV	Persone di 15 anni e più che hanno svolto attività di volontariato (valori percentuali)	TOTAL	Totale	1	Maschi	Y15-24	15-24 anni	2023	7		
A	Annuale	IT	Italia	PGE15_UAPV	Persone di 15 anni e più che hanno svolto attività di volontariato (valori percentuali)	TOTAL	Totale	1	Maschi	Y25-34	25-34 anni	2013	11.8		
A	Annuale	IT	Italia	PGE15_UAPV	Persone di 15 anni e più che hanno svolto attività di volontariato (valori percentuali)	TOTAL	Totale	1	Maschi	Y25-34	25-34 anni	2023	7.6		
A	Annuale	IT	Italia	PGE15_UAPV	Persone di 15 anni e più che hanno svolto attività di volontariato (valori percentuali)	TOTAL	Totale	1	Maschi	Y35-44	35-44 anni	2013	13		
A	Annuale	IT	Italia	PGE15_UAPV	Persone di 15 anni e più che hanno svolto attività di volontariato (valori percentuali)	TOTAL	Totale	1	Maschi	Y35-44	35-44 anni	2023	9		
A	Annuale	IT	Italia	PGE15_UAPV	Persone di 15 anni e più che hanno svolto attività di volontariato (valori percentuali)	TOTAL	Totale	1	Maschi	Y45-54	45-54 anni	2013	17.4		
A	Annuale	IT	Italia	PGE15_UAPV	Persone di 15 anni e più che hanno svolto attività di volontariato (valori percentuali)	TOTAL	Totale	1	Maschi	Y45-54	45-54 anni	2023	9.4		
A	Annuale	IT	Italia	PGE15_UAPV	Persone di 15 anni e più che hanno svolto attività di volontariato (valori percentuali)	TOTAL	Totale	1	Maschi	Y55-64	55-64 anni	2013	17		
A	Annuale	IT	Italia	PGE15_UAPV	Persone di 15 anni e più che hanno svolto attività di volontariato (valori percentuali)	TOTAL	Totale	1	Maschi	Y55-64	55-64 anni	2023	10.7		
A	Annuale	IT	Italia	PGE15_UAPV	Persone di 15 anni e più che hanno svolto attività di volontariato (valori percentuali)	TOTAL	Totale	1	Maschi	Y65-74	65-74 anni	2013	14.6		
A	Annuale	IT	Italia	PGE15_UAPV	Persone di 15 anni e più che hanno svolto attività di volontariato (valori percentuali)	TOTAL	Totale	1	Maschi	Y65-74	65-74 anni	2023	14.5		
A	Annuale	IT	Italia	PGE15_UAPV	Persone di 15 anni e più che hanno svolto attività di volontariato (valori percentuali)	TOTAL	Totale	1	Maschi	Y_GE75	75 anni e più	2013	6.9		
A	Annuale	IT	Italia	PGE15_UAPV	Persone di 15 anni e più che hanno svolto attività di volontariato (valori percentuali)	TOTAL	Totale	1	Maschi	Y_GE75	75 anni e più	2023	6.6		
A	Annuale	IT	Italia	PGE15_UAPV	Persone di 15 anni e più che hanno svolto attività di volontariato (valori percentuali)	TOTAL	Totale	1	Maschi	Y_GE15	15 anni e più	2013	13.5		
A	Annuale	IT	Italia	PGE15_UAPV	Persone di 15 anni e più che hanno svolto attività di volontariato (valori percentuali)	TOTAL	Totale	1	Maschi	Y_GE15	15 anni e più	2023	9.4		
A	Annuale	IT	Italia	PGE15_UAPV	Persone di 15 anni e più che hanno svolto attività di volontariato (valori percentuali)	TOTAL	Totale	2	Femmine	Y15-24	15-24 anni	2013	10.8		
A	Annuale	IT	Italia	PGE15_UAPV	Persone di 15 anni e più che hanno svolto attività di volontariato (valori percentuali)	TOTAL	Totale	2	Femmine	Y15-24	15-24 anni	2023	6.9		
A	Annuale	IT	Italia	PGE15_UAPV	Persone di 15 anni e più che hanno svolto attività di volontariato (valori percentuali)	TOTAL	Totale	2	Femmine	Y25-34	25-34 anni	2013	11.1		
A	Annuale	IT	Italia	PGE15_UAPV	Persone di 15 anni e più che hanno svolto attività di volontariato (valori percentuali)	TOTAL	Totale	2	Femmine	Y25-34	25-34 anni	2023	6.8		
A	Annuale	IT	Italia	PGE15_UAPV	Persone di 15 anni e più che hanno svolto attività di volontariato (valori percentuali)	TOTAL	Totale	2	Femmine	Y35-44	35-44 anni	2013	14.5		
A	Annuale	IT	Italia	PGE15_UAPV	Persone di 15 anni e più che hanno svolto attività di volontariato (valori percentuali)	TOTAL	Totale	2	Femmine	Y35-44	35-44 anni	2023	8.9		
A	Annuale	IT	Italia	PGE15_UAPV	Persone di 15 anni e più che hanno svolto attività di volontariato (valori percentuali)	TOTAL	Totale	2	Femmine	Y45-54	45-54 anni	2013	13.9		
A	Annuale	IT	Italia	PGE15_UAPV	Persone di 15 anni e più che hanno svolto attività di volontariato (valori percentuali)	TOTAL	Totale	2	Femmine	Y45-54	45-54 anni	2023	10.6		
A	Annuale	IT	Italia	PGE15_UAPV	Persone di 15 anni e più che hanno svolto attività di volontariato (valori percentuali)	TOTAL	Totale	2	Femmine	Y55-64	55-64 anni	2013	14.8		
A	Annuale	IT	Italia	PGE15_UAPV	Persone di 15 anni e più che hanno svolto attività di volontariato (valori percentuali)	TOTAL	Totale	2	Femmine	Y55-64	55-64 anni	2023	11.6		
A	Annuale	IT	Italia	PGE15_UAPV	Persone di 15 anni e più che hanno svolto attività di volontariato (valori percentuali)	TOTAL	Totale	2	Femmine	Y65-74	65-74 anni	2013	11.8		
A	Annuale	IT	Italia	PGE15_UAPV	Persone di 15 anni e più che hanno svolto attività di volontariato (valori percentuali)	TOTAL	Totale	2	Femmine	Y65-74	65-74 anni	2023	10.3		
A	Annuale	IT	Italia	PGE15_UAPV	Persone di 15 anni e più che hanno svolto attività di volontariato (valori percentuali)	TOTAL	Totale	2	Femmine	Y_GE75	75 anni e più	2013	5.3		
A	Annuale	IT	Italia	PGE15_UAPV	Persone di 15 anni e più che hanno svolto attività di volontariato (valori percentuali)	TOTAL	Totale	2	Femmine	Y_GE75	75 anni e più	2023	5.7		
A	Annuale	IT	Italia	PGE15_UAPV	Persone di 15 anni e più che hanno svolto attività di volontariato (valori percentuali)	TOTAL	Totale	2	Femmine	Y_GE15	15 anni e più	2013	12		
A	Annuale	IT	Italia	PGE15_UAPV	Persone di 15 anni e più che hanno svolto attività di volontariato (valori percentuali)	TOTAL	Totale	2	Femmine	Y_GE15	15 anni e più	2023	8.9		
A	Annuale	IT	Italia	PGE15_UAPV	Persone di 15 anni e più che hanno svolto attività di volontariato (valori percentuali)	TOTAL	Totale	9	Totale	Y15-24	15-24 anni	2013	10.4		
A	Annuale	IT	Italia	PGE15_UAPV	Persone di 15 anni e più che hanno svolto attività di volontariato (valori percentuali)	TOTAL	Totale	9	Totale	Y15-24	15-24 anni	2023	6.9		
A	Annuale	IT	Italia	PGE15_UAPV	Persone di 15 anni e più che hanno svolto attività di volontariato (valori percentuali)	TOTAL	Totale	9	Totale	Y25-34	25-34 anni	2013	11.4		
A	Annuale	IT	Italia	PGE15_UAPV	Persone di 15 anni e più che hanno svolto attività di volontariato (valori percentuali)	TOTAL	Totale	9	Totale	Y25-34	25-34 anni	2023	7.2		
A	Annuale	IT	Italia	PGE15_UAPV	Persone di 15 anni e più che hanno svolto attività di volontariato (valori percentuali)	TOTAL	Totale	9	Totale	Y35-44	35-44 anni	2013	13.7		
A	Annuale	IT	Italia	PGE15_UAPV	Persone di 15 anni e più che hanno svolto attività di volontariato (valori percentuali)	TOTAL	Totale	9	Totale	Y35-44	35-44 anni	2023	8.9		
A	Annuale	IT	Italia	PGE15_UAPV	Persone di 15 anni e più che hanno svolto attività di volontariato (valori percentuali)	TOTAL	Totale	9	Totale	Y45-54	45-54 anni	2013	15.6		
A	Annuale	IT	Italia	PGE15_UAPV	Persone di 15 anni e più che hanno svolto attività di volontariato (valori percentuali)	TOTAL	Totale	9	Totale	Y45-54	45-54 anni	2023	10		
A	Annuale	IT	Italia	PGE15_UAPV	Persone di 15 anni e più che hanno svolto attività di volontariato (valori percentuali)	TOTAL	Totale	9	Totale	Y55-64	55-64 anni	2013	15.9		
A	Annuale	IT	Italia	PGE15_UAPV	Persone di 15 anni e più che hanno svolto attività di volontariato (valori percentuali)	TOTAL	Totale	9	Totale	Y55-64	55-64 anni	2023	11.2		
A	Annuale	IT	Italia	PGE15_UAPV	Persone di 15 anni e più che hanno svolto attività di volontariato (valori percentuali)	TOTAL	Totale	9	Totale	Y65-74	65-74 anni	2013	13.1		
A	Annuale	IT	Italia	PGE15_UAPV	Persone di 15 anni e più che hanno svolto attività di volontariato (valori percentuali)	TOTAL	Totale	9	Totale	Y65-74	65-74 anni	2023	12.3		
A	Annuale	IT	Italia	PGE15_UAPV	Persone di 15 anni e più che hanno svolto attività di volontariato (valori percentuali)	TOTAL	Totale	9	Totale	Y_GE75	75 anni e più	2013	5.9		
A	Annuale	IT	Italia	PGE15_UAPV	Persone di 15 anni e più che hanno svolto attività di volontariato (valori percentuali)	TOTAL	Totale	9	Totale	Y_GE75	75 anni e più	2023	6.1		
A	Annuale	IT	Italia	PGE15_UAPV	Persone di 15 anni e più che hanno svolto attività di volontariato (valori percentuali)	TOTAL	Totale	9	Totale	Y_GE15	15 anni e più	2013	12.7		
A	Annuale	IT	Italia	PGE15_UAPV	Persone di 15 anni e più che hanno svolto attività di volontariato (valori percentuali)	TOTAL	Totale	9	Totale	Y_GE15	15 anni e più	2023	9.1		
A	Annuale	IT	Italia	HUA_15	Numero di ore di volontariato svolte dalle persone di 15 anni e più in 4 settimane	DIRVOL	Volontariato non organizzato	1	Maschi	Y15-24	15-24 anni	2013	1379		
A	Annuale	IT	Italia	HUA_15	Numero di ore di volontariato svolte dalle persone di 15 anni e più in 4 settimane	DIRVOL	Volontariato non organizzato	1	Maschi	Y15-24	15-24 anni	2023	1066		
A	Annuale	IT	Italia	HUA_15	Numero di ore di volontariato svolte dalle persone di 15 anni e più in 4 settimane	DIRVOL	Volontariato non organizzato	1	Maschi	Y25-34	25-34 anni	2013	1928		
A	Annuale	IT	Italia	HUA_15	Numero di ore di volontariato svolte dalle persone di 15 anni e più in 4 settimane	DIRVOL	Volontariato non organizzato	1	Maschi	Y25-34	25-34 anni	2023	997		
A	Annuale	IT	Italia	HUA_15	Numero di ore di volontariato svolte dalle persone di 15 anni e più in 4 settimane	DIRVOL	Volontariato non organizzato	1	Maschi	Y35-44	35-44 anni	2013	3656		
A	Annuale	IT	Italia	HUA_15	Numero di ore di volontariato svolte dalle persone di 15 anni e più in 4 settimane	DIRVOL	Volontariato non organizzato	1	Maschi	Y35-44	35-44 anni	2023	1252		
A	Annuale	IT	Italia	HUA_15	Numero di ore di volontariato svolte dalle persone di 15 anni e più in 4 settimane	DIRVOL	Volontariato non organizzato	1	Maschi	Y45-54	45-54 anni	2013	4053		
A	Annuale	IT	Italia	HUA_15	Numero di ore di volontariato svolte dalle persone di 15 anni e più in 4 settimane	DIRVOL	Volontariato non organizzato	1	Maschi	Y45-54	45-54 anni	2023	2070		
A	Annuale	IT	Italia	HUA_15	Numero di ore di volontariato svolte dalle persone di 15 anni e più in 4 settimane	DIRVOL	Volontariato non organizzato	1	Maschi	Y55-64	55-64 anni	2013	4446		
A	Annuale	IT	Italia	HUA_15	Numero di ore di volontariato svolte dalle persone di 15 anni e più in 4 settimane	DIRVOL	Volontariato non organizzato	1	Maschi	Y55-64	55-64 anni	2023	2424		
A	Annuale	IT	Italia	HUA_15	Numero di ore di volontariato svolte dalle persone di 15 anni e più in 4 settimane	DIRVOL	Volontariato non organizzato	1	Maschi	Y65-74	65-74 anni	2013	4156		
A	Annuale	IT	Italia	HUA_15	Numero di ore di volontariato svolte dalle persone di 15 anni e più in 4 settimane	DIRVOL	Volontariato non organizzato	1	Maschi	Y65-74	65-74 anni	2023	3118		
A	Annuale	IT	Italia	HUA_15	Numero di ore di volontariato svolte dalle persone di 15 anni e più in 4 settimane	DIRVOL	Volontariato non organizzato	1	Maschi	Y_GE75	75 anni e più	2013	1328		
A	Annuale	IT	Italia	HUA_15	Numero di ore di volontariato svolte dalle persone di 15 anni e più in 4 settimane	DIRVOL	Volontariato non organizzato	1	Maschi	Y_GE75	75 anni e più	2023	1471		
A	Annuale	IT	Italia	HUA_15	Numero di ore di volontariato svolte dalle persone di 15 anni e più in 4 settimane	DIRVOL	Volontariato non organizzato	1	Maschi	Y_GE15	15 anni e più	2013	20946		
A	Annuale	IT	Italia	HUA_15	Numero di ore di volontariato svolte dalle persone di 15 anni e più in 4 settimane	DIRVOL	Volontariato non organizzato	1	Maschi	Y_GE15	15 anni e più	2023	12397		
A	Annuale	IT	Italia	HUA_15	Numero di ore di volontariato svolte dalle persone di 15 anni e più in 4 settimane	DIRVOL	Volontariato non organizzato	2	Femmine	Y15-24	15-24 anni	2013	1250		
A	Annuale	IT	Italia	HUA_15	Numero di ore di volontariato svolte dalle persone di 15 anni e più in 4 settimane	DIRVOL	Volontariato non organizzato	2	Femmine	Y15-24	15-24 anni	2023	717		
A	Annuale	IT	Italia	HUA_15	Numero di ore di volontariato svolte dalle persone di 15 anni e più in 4 settimane	DIRVOL	Volontariato non organizzato	2	Femmine	Y25-34	25-34 anni	2013	5035		
A	Annuale	IT	Italia	HUA_15	Numero di ore di volontariato svolte dalle persone di 15 anni e più in 4 settimane	DIRVOL	Volontariato non organizzato	2	Femmine	Y25-34	25-34 anni	2023	1184		
A	Annuale	IT	Italia	HUA_15	Numero di ore di volontariato svolte dalle persone di 15 anni e più in 4 settimane	DIRVOL	Volontariato non organizzato	2	Femmine	Y35-44	35-44 anni	2013	4706		
A	Annuale	IT	Italia	HUA_15	Numero di ore di volontariato svolte dalle persone di 15 anni e più in 4 settimane	DIRVOL	Volontariato non organizzato	2	Femmine	Y35-44	35-44 anni	2023	2316		
A	Annuale	IT	Italia	HUA_15	Numero di ore di volontariato svolte dalle persone di 15 anni e più in 4 settimane	DIRVOL	Volontariato non organizzato	2	Femmine	Y45-54	45-54 anni	2013	5518		
A	Annuale	IT	Italia	HUA_15	Numero di ore di volontariato svolte dalle persone di 15 anni e più in 4 settimane	DIRVOL	Volontariato non organizzato	2	Femmine	Y45-54	45-54 anni	2023	3715		
A	Annuale	IT	Italia	HUA_15	Numero di ore di volontariato svolte dalle persone di 15 anni e più in 4 settimane	DIRVOL	Volontariato non organizzato	2	Femmine	Y55-64	55-64 anni	2013	4386		
A	Annuale	IT	Italia	HUA_15	Numero di ore di volontariato svolte dalle persone di 15 anni e più in 4 settimane	DIRVOL	Volontariato non organizzato	2	Femmine	Y55-64	55-64 anni	2023	3022		
A	Annuale	IT	Italia	HUA_15	Numero di ore di volontariato svolte dalle persone di 15 anni e più in 4 settimane	DIRVOL	Volontariato non organizzato	2	Femmine	Y65-74	65-74 anni	2013	3289		
A	Annuale	IT	Italia	HUA_15	Numero di ore di volontariato svolte dalle persone di 15 anni e più in 4 settimane	DIRVOL	Volontariato non organizzato	2	Femmine	Y65-74	65-74 anni	2023	2452		
A	Annuale	IT	Italia	HUA_15	Numero di ore di volontariato svolte dalle persone di 15 anni e più in 4 settimane	DIRVOL	Volontariato non organizzato	2	Femmine	Y_GE75	75 anni e più	2013	3106		
A	Annuale	IT	Italia	HUA_15	Numero di ore di volontariato svolte dalle persone di 15 anni e più in 4 settimane	DIRVOL	Volontariato non organizzato	2	Femmine	Y_GE75	75 anni e più	2023	1890		
A	Annuale	IT	Italia	HUA_15	Numero di ore di volontariato svolte dalle persone di 15 anni e più in 4 settimane	DIRVOL	Volontariato non organizzato	2	Femmine	Y_GE15	15 anni e più	2013	27289		
A	Annuale	IT	Italia	HUA_15	Numero di ore di volontariato svolte dalle persone di 15 anni e più in 4 settimane	DIRVOL	Volontariato non organizzato	2	Femmine	Y_GE15	15 anni e più	2023	15295		
A	Annuale	IT	Italia	HUA_15	Numero di ore di volontariato svolte dalle persone di 15 anni e più in 4 settimane	DIRVOL	Volontariato non organizzato	9	Totale	Y15-24	15-24 anni	2013	2629		
A	Annuale	IT	Italia	HUA_15	Numero di ore di volontariato svolte dalle persone di 15 anni e più in 4 settimane	DIRVOL	Volontariato non organizzato	9	Totale	Y15-24	15-24 anni	2023	1783		
A	Annuale	IT	Italia	HUA_15	Numero di ore di volontariato svolte dalle persone di 15 anni e più in 4 settimane	DIRVOL	Volontariato non organizzato	9	Totale	Y25-34	25-34 anni	2013	6963		
A	Annuale	IT	Italia	HUA_15	Numero di ore di volontariato svolte dalle persone di 15 anni e più in 4 settimane	DIRVOL	Volontariato non organizzato	9	Totale	Y25-34	25-34 anni	2023	2181		
A	Annuale	IT	Italia	HUA_15	Numero di ore di volontariato svolte dalle persone di 15 anni e più in 4 settimane	DIRVOL	Volontariato non organizzato	9	Totale	Y35-44	35-44 anni	2013	8362		
A	Annuale	IT	Italia	HUA_15	Numero di ore di volontariato svolte dalle persone di 15 anni e più in 4 settimane	DIRVOL	Volontariato non organizzato	9	Totale	Y35-44	35-44 anni	2023	3568		
A	Annuale	IT	Italia	HUA_15	Numero di ore di volontariato svolte dalle persone di 15 anni e più in 4 settimane	DIRVOL	Volontariato non organizzato	9	Totale	Y45-54	45-54 anni	2013	9571		
A	Annuale	IT	Italia	HUA_15	Numero di ore di volontariato svolte dalle persone di 15 anni e più in 4 settimane	DIRVOL	Volontariato non organizzato	9	Totale	Y45-54	45-54 anni	2023	5785		
A	Annuale	IT	Italia	HUA_15	Numero di ore di volontariato svolte dalle persone di 15 anni e più in 4 settimane	DIRVOL	Volontariato non organizzato	9	Totale	Y55-64	55-64 anni	2013	8831		
A	Annuale	IT	Italia	HUA_15	Numero di ore di volontariato svolte dalle persone di 15 anni e più in 4 settimane	DIRVOL	Volontariato non organizzato	9	Totale	Y55-64	55-64 anni	2023	5445		
A	Annuale	IT	Italia	HUA_15	Numero di ore di volontariato svolte dalle persone di 15 anni e più in 4 settimane	DIRVOL	Volontariato non organizzato	9	Totale	Y65-74	65-74 anni	2013	7445		
A	Annuale	IT	Italia	HUA_15	Numero di ore di volontariato svolte dalle persone di 15 anni e più in 4 settimane	DIRVOL	Volontariato non organizzato	9	Totale	Y65-74	65-74 anni	2023	5569		
A	Annuale	IT	Italia	HUA_15	Numero di ore di volontariato svolte dalle persone di 15 anni e più in 4 settimane	DIRVOL	Volontariato non organizzato	9	Totale	Y_GE75	75 anni e più	2013	4433		
A	Annuale	IT	Italia	HUA_15	Numero di ore di volontariato svolte dalle persone di 15 anni e più in 4 settimane	DIRVOL	Volontariato non organizzato	9	Totale	Y_GE75	75 anni e più	2023	3361		
A	Annuale	IT	Italia	HUA_15	Numero di ore di volontariato svolte dalle persone di 15 anni e più in 4 settimane	DIRVOL	Volontariato non organizzato	9	Totale	Y_GE15	15 anni e più	2013	48236		
A	Annuale	IT	Italia	HUA_15	Numero di ore di volontariato svolte dalle persone di 15 anni e più in 4 settimane	DIRVOL	Volontariato non organizzato	9	Totale	Y_GE15	15 anni e più	2023	27692		
A	Annuale	IT	Italia	HUA_15	Numero di ore di volontariato svolte dalle persone di 15 anni e più in 4 settimane	ORGVOL	Volontariato organizzato	1	Maschi	Y15-24	15-24 anni	2013	3118		
A	Annuale	IT	Italia	HUA_15	Numero di ore di volontariato svolte dalle persone di 15 anni e più in 4 settimane	ORGVOL	Volontariato organizzato	1	Maschi	Y15-24	15-24 anni	2023	2730		
A	Annuale	IT	Italia	HUA_15	Numero di ore di volontariato svolte dalle persone di 15 anni e più in 4 settimane	ORGVOL	Volontariato organizzato	1	Maschi	Y25-34	25-34 anni	2013	3783		
A	Annuale	IT	Italia	HUA_15	Numero di ore di volontariato svolte dalle persone di 15 anni e più in 4 settimane	ORGVOL	Volontariato organizzato	1	Maschi	Y25-34	25-34 anni	2023	2004		
A	Annuale	IT	Italia	HUA_15	Numero di ore di volontariato svolte dalle persone di 15 anni e più in 4 settimane	ORGVOL	Volontariato organizzato	1	Maschi	Y35-44	35-44 anni	2013	6066		
A	Annuale	IT	Italia	HUA_15	Numero di ore di volontariato svolte dalle persone di 15 anni e più in 4 settimane	ORGVOL	Volontariato organizzato	1	Maschi	Y35-44	35-44 anni	2023	2309		
A	Annuale	IT	Italia	HUA_15	Numero di ore di volontariato svolte dalle persone di 15 anni e più in 4 settimane	ORGVOL	Volontariato organizzato	1	Maschi	Y45-54	45-54 anni	2013	8067		
A	Annuale	IT	Italia	HUA_15	Numero di ore di volontariato svolte dalle persone di 15 anni e più in 4 settimane	ORGVOL	Volontariato organizzato	1	Maschi	Y45-54	45-54 anni	2023	4837		
A	Annuale	IT	Italia	HUA_15	Numero di ore di volontariato svolte dalle persone di 15 anni e più in 4 settimane	ORGVOL	Volontariato organizzato	1	Maschi	Y55-64	55-64 anni	2013	10600		
A	Annuale	IT	Italia	HUA_15	Numero di ore di volontariato svolte dalle persone di 15 anni e più in 4 settimane	ORGVOL	Volontariato organizzato	1	Maschi	Y55-64	55-64 anni	2023	6170		
A	Annuale	IT	Italia	HUA_15	Numero di ore di volontariato svolte dalle persone di 15 anni e più in 4 settimane	ORGVOL	Volontariato organizzato	1	Maschi	Y65-74	65-74 anni	2013	8025		
A	Annuale	IT	Italia	HUA_15	Numero di ore di volontariato svolte dalle persone di 15 anni e più in 4 settimane	ORGVOL	Volontariato organizzato	1	Maschi	Y65-74	65-74 anni	2023	8571		
A	Annuale	IT	Italia	HUA_15	Numero di ore di volontariato svolte dalle persone di 15 anni e più in 4 settimane	ORGVOL	Volontariato organizzato	1	Maschi	Y_GE75	75 anni e più	2013	2693		
A	Annuale	IT	Italia	HUA_15	Numero di ore di volontariato svolte dalle persone di 15 anni e più in 4 settimane	ORGVOL	Volontariato organizzato	1	Maschi	Y_GE75	75 anni e più	2023	3046		
A	Annuale	IT	Italia	HUA_15	Numero di ore di volontariato svolte dalle persone di 15 anni e più in 4 settimane	ORGVOL	Volontariato organizzato	1	Maschi	Y_GE15	15 anni e più	2013	42352		
A	Annuale	IT	Italia	HUA_15	Numero di ore di volontariato svolte dalle persone di 15 anni e più in 4 settimane	ORGVOL	Volontariato organizzato	1	Maschi	Y_GE15	15 anni e più	2023	29667		
A	Annuale	IT	Italia	HUA_15	Numero di ore di volontariato svolte dalle persone di 15 anni e più in 4 settimane	ORGVOL	Volontariato organizzato	2	Femmine	Y15-24	15-24 anni	2013	3392		
A	Annuale	IT	Italia	HUA_15	Numero di ore di volontariato svolte dalle persone di 15 anni e più in 4 settimane	ORGVOL	Volontariato organizzato	2	Femmine	Y15-24	15-24 anni	2023	2385		
A	Annuale	IT	Italia	HUA_15	Numero di ore di volontariato svolte dalle persone di 15 anni e più in 4 settimane	ORGVOL	Volontariato organizzato	2	Femmine	Y25-34	25-34 anni	2013	3535		
A	Annuale	IT	Italia	HUA_15	Numero di ore di volontariato svolte dalle persone di 15 anni e più in 4 settimane	ORGVOL	Volontariato organizzato	2	Femmine	Y25-34	25-34 anni	2023	1918		
A	Annuale	IT	Italia	HUA_15	Numero di ore di volontariato svolte dalle persone di 15 anni e più in 4 settimane	ORGVOL	Volontariato organizzato	2	Femmine	Y35-44	35-44 anni	2013	5595		
A	Annuale	IT	Italia	HUA_15	Numero di ore di volontariato svolte dalle persone di 15 anni e più in 4 settimane	ORGVOL	Volontariato organizzato	2	Femmine	Y35-44	35-44 anni	2023	2850		
A	Annuale	IT	Italia	HUA_15	Numero di ore di volontariato svolte dalle persone di 15 anni e più in 4 settimane	ORGVOL	Volontariato organizzato	2	Femmine	Y45-54	45-54 anni	2013	6053		
A	Annuale	IT	Italia	HUA_15	Numero di ore di volontariato svolte dalle persone di 15 anni e più in 4 settimane	ORGVOL	Volontariato organizzato	2	Femmine	Y45-54	45-54 anni	2023	4421		
A	Annuale	IT	Italia	HUA_15	Numero di ore di volontariato svolte dalle persone di 15 anni e più in 4 settimane	ORGVOL	Volontariato organizzato	2	Femmine	Y55-64	55-64 anni	2013	7532		
A	Annuale	IT	Italia	HUA_15	Numero di ore di volontariato svolte dalle persone di 15 anni e più in 4 settimane	ORGVOL	Volontariato organizzato	2	Femmine	Y55-64	55-64 anni	2023	5915		
A	Annuale	IT	Italia	HUA_15	Numero di ore di volontariato svolte dalle persone di 15 anni e più in 4 settimane	ORGVOL	Volontariato organizzato	2	Femmine	Y65-74	65-74 anni	2013	6784		
A	Annuale	IT	Italia	HUA_15	Numero di ore di volontariato svolte dalle persone di 15 anni e più in 4 settimane	ORGVOL	Volontariato organizzato	2	Femmine	Y65-74	65-74 anni	2023	5638		
A	Annuale	IT	Italia	HUA_15	Numero di ore di volontariato svolte dalle persone di 15 anni e più in 4 settimane	ORGVOL	Volontariato organizzato	2	Femmine	Y_GE75	75 anni e più	2013	1811		
A	Annuale	IT	Italia	HUA_15	Numero di ore di volontariato svolte dalle persone di 15 anni e più in 4 settimane	ORGVOL	Volontariato organizzato	2	Femmine	Y_GE75	75 anni e più	2023	3791		
A	Annuale	IT	Italia	HUA_15	Numero di ore di volontariato svolte dalle persone di 15 anni e più in 4 settimane	ORGVOL	Volontariato organizzato	2	Femmine	Y_GE15	15 anni e più	2013	34702		
A	Annuale	IT	Italia	HUA_15	Numero di ore di volontariato svolte dalle persone di 15 anni e più in 4 settimane	ORGVOL	Volontariato organizzato	2	Femmine	Y_GE15	15 anni e più	2023	26917		
A	Annuale	IT	Italia	HUA_15	Numero di ore di volontariato svolte dalle persone di 15 anni e più in 4 settimane	ORGVOL	Volontariato organizzato	9	Totale	Y15-24	15-24 anni	2013	6509		
A	Annuale	IT	Italia	HUA_15	Numero di ore di volontariato svolte dalle persone di 15 anni e più in 4 settimane	ORGVOL	Volontariato organizzato	9	Totale	Y15-24	15-24 anni	2023	5114		
A	Annuale	IT	Italia	HUA_15	Numero di ore di volontariato svolte dalle persone di 15 anni e più in 4 settimane	ORGVOL	Volontariato organizzato	9	Totale	Y25-34	25-34 anni	2013	7318		
A	Annuale	IT	Italia	HUA_15	Numero di ore di volontariato svolte dalle persone di 15 anni e più in 4 settimane	ORGVOL	Volontariato organizzato	9	Totale	Y25-34	25-34 anni	2023	3921		
A	Annuale	IT	Italia	HUA_15	Numero di ore di volontariato svolte dalle persone di 15 anni e più in 4 settimane	ORGVOL	Volontariato organizzato	9	Totale	Y35-44	35-44 anni	2013	11661		
A	Annuale	IT	Italia	HUA_15	Numero di ore di volontariato svolte dalle persone di 15 anni e più in 4 settimane	ORGVOL	Volontariato organizzato	9	Totale	Y35-44	35-44 anni	2023	5160		
A	Annuale	IT	Italia	HUA_15	Numero di ore di volontariato svolte dalle persone di 15 anni e più in 4 settimane	ORGVOL	Volontariato organizzato	9	Totale	Y45-54	45-54 anni	2013	14120		
A	Annuale	IT	Italia	HUA_15	Numero di ore di volontariato svolte dalle persone di 15 anni e più in 4 settimane	ORGVOL	Volontariato organizzato	9	Totale	Y45-54	45-54 anni	2023	9258		
A	Annuale	IT	Italia	HUA_15	Numero di ore di volontariato svolte dalle persone di 15 anni e più in 4 settimane	ORGVOL	Volontariato organizzato	9	Totale	Y55-64	55-64 anni	2013	18132		
A	Annuale	IT	Italia	HUA_15	Numero di ore di volontariato svolte dalle persone di 15 anni e più in 4 settimane	ORGVOL	Volontariato organizzato	9	Totale	Y55-64	55-64 anni	2023	12085		
A	Annuale	IT	Italia	HUA_15	Numero di ore di volontariato svolte dalle persone di 15 anni e più in 4 settimane	ORGVOL	Volontariato organizzato	9	Totale	Y65-74	65-74 anni	2013	14809		
A	Annuale	IT	Italia	HUA_15	Numero di ore di volontariato svolte dalle persone di 15 anni e più in 4 settimane	ORGVOL	Volontariato organizzato	9	Totale	Y65-74	65-74 anni	2023	14209		
A	Annuale	IT	Italia	HUA_15	Numero di ore di volontariato svolte dalle persone di 15 anni e più in 4 settimane	ORGVOL	Volontariato organizzato	9	Totale	Y_GE75	75 anni e più	2013	4504		
A	Annuale	IT	Italia	HUA_15	Numero di ore di volontariato svolte dalle persone di 15 anni e più in 4 settimane	ORGVOL	Volontariato organizzato	9	Totale	Y_GE75	75 anni e più	2023	6837		
A	Annuale	IT	Italia	HUA_15	Numero di ore di volontariato svolte dalle persone di 15 anni e più in 4 settimane	ORGVOL	Volontariato organizzato	9	Totale	Y_GE15	15 anni e più	2013	77053		
A	Annuale	IT	Italia	HUA_15	Numero di ore di volontariato svolte dalle persone di 15 anni e più in 4 settimane	ORGVOL	Volontariato organizzato	9	Totale	Y_GE15	15 anni e più	2023	56585		
A	Annuale	IT	Italia	HUA_15	Numero di ore di volontariato svolte dalle persone di 15 anni e più in 4 settimane	TOTAL	Totale	1	Maschi	Y15-24	15-24 anni	2013	4497		
A	Annuale	IT	Italia	HUA_15	Numero di ore di volontariato svolte dalle persone di 15 anni e più in 4 settimane	TOTAL	Totale	1	Maschi	Y15-24	15-24 anni	2023	3796		
A	Annuale	IT	Italia	HUA_15	Numero di ore di volontariato svolte dalle persone di 15 anni e più in 4 settimane	TOTAL	Totale	1	Maschi	Y25-34	25-34 anni	2013	5711		
A	Annuale	IT	Italia	HUA_15	Numero di ore di volontariato svolte dalle persone di 15 anni e più in 4 settimane	TOTAL	Totale	1	Maschi	Y25-34	25-34 anni	2023	3000		
A	Annuale	IT	Italia	HUA_15	Numero di ore di volontariato svolte dalle persone di 15 anni e più in 4 settimane	TOTAL	Totale	1	Maschi	Y35-44	35-44 anni	2013	9722		
A	Annuale	IT	Italia	HUA_15	Numero di ore di volontariato svolte dalle persone di 15 anni e più in 4 settimane	TOTAL	Totale	1	Maschi	Y35-44	35-44 anni	2023	3561		
A	Annuale	IT	Italia	HUA_15	Numero di ore di volontariato svolte dalle persone di 15 anni e più in 4 settimane	TOTAL	Totale	1	Maschi	Y45-54	45-54 anni	2013	12120		
A	Annuale	IT	Italia	HUA_15	Numero di ore di volontariato svolte dalle persone di 15 anni e più in 4 settimane	TOTAL	Totale	1	Maschi	Y45-54	45-54 anni	2023	6907		
A	Annuale	IT	Italia	HUA_15	Numero di ore di volontariato svolte dalle persone di 15 anni e più in 4 settimane	TOTAL	Totale	1	Maschi	Y55-64	55-64 anni	2013	15046		
A	Annuale	IT	Italia	HUA_15	Numero di ore di volontariato svolte dalle persone di 15 anni e più in 4 settimane	TOTAL	Totale	1	Maschi	Y55-64	55-64 anni	2023	8594		
A	Annuale	IT	Italia	HUA_15	Numero di ore di volontariato svolte dalle persone di 15 anni e più in 4 settimane	TOTAL	Totale	1	Maschi	Y65-74	65-74 anni	2013	12182		
A	Annuale	IT	Italia	HUA_15	Numero di ore di volontariato svolte dalle persone di 15 anni e più in 4 settimane	TOTAL	Totale	1	Maschi	Y65-74	65-74 anni	2023	11689		
A	Annuale	IT	Italia	HUA_15	Numero di ore di volontariato svolte dalle persone di 15 anni e più in 4 settimane	TOTAL	Totale	1	Maschi	Y_GE75	75 anni e più	2013	4021		
A	Annuale	IT	Italia	HUA_15	Numero di ore di volontariato svolte dalle persone di 15 anni e più in 4 settimane	TOTAL	Totale	1	Maschi	Y_GE75	75 anni e più	2023	4518		
A	Annuale	IT	Italia	HUA_15	Numero di ore di volontariato svolte dalle persone di 15 anni e più in 4 settimane	TOTAL	Totale	1	Maschi	Y_GE15	15 anni e più	2013	63298		
A	Annuale	IT	Italia	HUA_15	Numero di ore di volontariato svolte dalle persone di 15 anni e più in 4 settimane	TOTAL	Totale	1	Maschi	Y_GE15	15 anni e più	2023	42064		
A	Annuale	IT	Italia	HUA_15	Numero di ore di volontariato svolte dalle persone di 15 anni e più in 4 settimane	TOTAL	Totale	2	Femmine	Y15-24	15-24 anni	2013	4642		
A	Annuale	IT	Italia	HUA_15	Numero di ore di volontariato svolte dalle persone di 15 anni e più in 4 settimane	TOTAL	Totale	2	Femmine	Y15-24	15-24 anni	2023	3101		
A	Annuale	IT	Italia	HUA_15	Numero di ore di volontariato svolte dalle persone di 15 anni e più in 4 settimane	TOTAL	Totale	2	Femmine	Y25-34	25-34 anni	2013	8570		
A	Annuale	IT	Italia	HUA_15	Numero di ore di volontariato svolte dalle persone di 15 anni e più in 4 settimane	TOTAL	Totale	2	Femmine	Y25-34	25-34 anni	2023	3102		
A	Annuale	IT	Italia	HUA_15	Numero di ore di volontariato svolte dalle persone di 15 anni e più in 4 settimane	TOTAL	Totale	2	Femmine	Y35-44	35-44 anni	2013	10302		
A	Annuale	IT	Italia	HUA_15	Numero di ore di volontariato svolte dalle persone di 15 anni e più in 4 settimane	TOTAL	Totale	2	Femmine	Y35-44	35-44 anni	2023	5166		
A	Annuale	IT	Italia	HUA_15	Numero di ore di volontariato svolte dalle persone di 15 anni e più in 4 settimane	TOTAL	Totale	2	Femmine	Y45-54	45-54 anni	2013	11571		
A	Annuale	IT	Italia	HUA_15	Numero di ore di volontariato svolte dalle persone di 15 anni e più in 4 settimane	TOTAL	Totale	2	Femmine	Y45-54	45-54 anni	2023	8136		
A	Annuale	IT	Italia	HUA_15	Numero di ore di volontariato svolte dalle persone di 15 anni e più in 4 settimane	TOTAL	Totale	2	Femmine	Y55-64	55-64 anni	2013	11918		
A	Annuale	IT	Italia	HUA_15	Numero di ore di volontariato svolte dalle persone di 15 anni e più in 4 settimane	TOTAL	Totale	2	Femmine	Y55-64	55-64 anni	2023	8937		
A	Annuale	IT	Italia	HUA_15	Numero di ore di volontariato svolte dalle persone di 15 anni e più in 4 settimane	TOTAL	Totale	2	Femmine	Y65-74	65-74 anni	2013	10073		
A	Annuale	IT	Italia	HUA_15	Numero di ore di volontariato svolte dalle persone di 15 anni e più in 4 settimane	TOTAL	Totale	2	Femmine	Y65-74	65-74 anni	2023	8090		
A	Annuale	IT	Italia	HUA_15	Numero di ore di volontariato svolte dalle persone di 15 anni e più in 4 settimane	TOTAL	Totale	2	Femmine	Y_GE75	75 anni e più	2013	4916		
A	Annuale	IT	Italia	HUA_15	Numero di ore di volontariato svolte dalle persone di 15 anni e più in 4 settimane	TOTAL	Totale	2	Femmine	Y_GE75	75 anni e più	2023	5681		
A	Annuale	IT	Italia	HUA_15	Numero di ore di volontariato svolte dalle persone di 15 anni e più in 4 settimane	TOTAL	Totale	2	Femmine	Y_GE15	15 anni e più	2013	61991		
A	Annuale	IT	Italia	HUA_15	Numero di ore di volontariato svolte dalle persone di 15 anni e più in 4 settimane	TOTAL	Totale	2	Femmine	Y_GE15	15 anni e più	2023	42212		
A	Annuale	IT	Italia	HUA_15	Numero di ore di volontariato svolte dalle persone di 15 anni e più in 4 settimane	TOTAL	Totale	9	Totale	Y15-24	15-24 anni	2013	9139		
A	Annuale	IT	Italia	HUA_15	Numero di ore di volontariato svolte dalle persone di 15 anni e più in 4 settimane	TOTAL	Totale	9	Totale	Y15-24	15-24 anni	2023	6897		
A	Annuale	IT	Italia	HUA_15	Numero di ore di volontariato svolte dalle persone di 15 anni e più in 4 settimane	TOTAL	Totale	9	Totale	Y25-34	25-34 anni	2013	14281		
A	Annuale	IT	Italia	HUA_15	Numero di ore di volontariato svolte dalle persone di 15 anni e più in 4 settimane	TOTAL	Totale	9	Totale	Y25-34	25-34 anni	2023	6102		
A	Annuale	IT	Italia	HUA_15	Numero di ore di volontariato svolte dalle persone di 15 anni e più in 4 settimane	TOTAL	Totale	9	Totale	Y35-44	35-44 anni	2013	20024		
A	Annuale	IT	Italia	HUA_15	Numero di ore di volontariato svolte dalle persone di 15 anni e più in 4 settimane	TOTAL	Totale	9	Totale	Y35-44	35-44 anni	2023	8728		
A	Annuale	IT	Italia	HUA_15	Numero di ore di volontariato svolte dalle persone di 15 anni e più in 4 settimane	TOTAL	Totale	9	Totale	Y45-54	45-54 anni	2013	23691		
A	Annuale	IT	Italia	HUA_15	Numero di ore di volontariato svolte dalle persone di 15 anni e più in 4 settimane	TOTAL	Totale	9	Totale	Y45-54	45-54 anni	2023	15043		
A	Annuale	IT	Italia	HUA_15	Numero di ore di volontariato svolte dalle persone di 15 anni e più in 4 settimane	TOTAL	Totale	9	Totale	Y55-64	55-64 anni	2013	26964		
A	Annuale	IT	Italia	HUA_15	Numero di ore di volontariato svolte dalle persone di 15 anni e più in 4 settimane	TOTAL	Totale	9	Totale	Y55-64	55-64 anni	2023	17531		
A	Annuale	IT	Italia	HUA_15	Numero di ore di volontariato svolte dalle persone di 15 anni e più in 4 settimane	TOTAL	Totale	9	Totale	Y65-74	65-74 anni	2013	22254		
A	Annuale	IT	Italia	HUA_15	Numero di ore di volontariato svolte dalle persone di 15 anni e più in 4 settimane	TOTAL	Totale	9	Totale	Y65-74	65-74 anni	2023	19778		
A	Annuale	IT	Italia	HUA_15	Numero di ore di volontariato svolte dalle persone di 15 anni e più in 4 settimane	TOTAL	Totale	9	Totale	Y_GE75	75 anni e più	2013	8937		
A	Annuale	IT	Italia	HUA_15	Numero di ore di volontariato svolte dalle persone di 15 anni e più in 4 settimane	TOTAL	Totale	9	Totale	Y_GE75	75 anni e più	2023	10199		
A	Annuale	IT	Italia	HUA_15	Numero di ore di volontariato svolte dalle persone di 15 anni e più in 4 settimane	TOTAL	Totale	9	Totale	Y_GE15	15 anni e più	2013	125289		
A	Annuale	IT	Italia	HUA_15	Numero di ore di volontariato svolte dalle persone di 15 anni e più in 4 settimane	TOTAL	Totale	9	Totale	Y_GE15	15 anni e più	2023	84276		
A	Annuale	IT	Italia	HAUA_15	Numero medio di ore di volontariato svolte dalle persone di 15 anni e più in 4 settimane	DIRVOL	Volontariato non organizzato	1	Maschi	Y15-24	15-24 anni	2013	13.4		
A	Annuale	IT	Italia	HAUA_15	Numero medio di ore di volontariato svolte dalle persone di 15 anni e più in 4 settimane	DIRVOL	Volontariato non organizzato	1	Maschi	Y15-24	15-24 anni	2023	13		
A	Annuale	IT	Italia	HAUA_15	Numero medio di ore di volontariato svolte dalle persone di 15 anni e più in 4 settimane	DIRVOL	Volontariato non organizzato	1	Maschi	Y25-34	25-34 anni	2013	10.6		
A	Annuale	IT	Italia	HAUA_15	Numero medio di ore di volontariato svolte dalle persone di 15 anni e più in 4 settimane	DIRVOL	Volontariato non organizzato	1	Maschi	Y25-34	25-34 anni	2023	6.7		
A	Annuale	IT	Italia	HAUA_15	Numero medio di ore di volontariato svolte dalle persone di 15 anni e più in 4 settimane	DIRVOL	Volontariato non organizzato	1	Maschi	Y35-44	35-44 anni	2013	12.8		
A	Annuale	IT	Italia	HAUA_15	Numero medio di ore di volontariato svolte dalle persone di 15 anni e più in 4 settimane	DIRVOL	Volontariato non organizzato	1	Maschi	Y35-44	35-44 anni	2023	6.7		
A	Annuale	IT	Italia	HAUA_15	Numero medio di ore di volontariato svolte dalle persone di 15 anni e più in 4 settimane	DIRVOL	Volontariato non organizzato	1	Maschi	Y45-54	45-54 anni	2013	12.2		
A	Annuale	IT	Italia	HAUA_15	Numero medio di ore di volontariato svolte dalle persone di 15 anni e più in 4 settimane	DIRVOL	Volontariato non organizzato	1	Maschi	Y45-54	45-54 anni	2023	9.8		
A	Annuale	IT	Italia	HAUA_15	Numero medio di ore di volontariato svolte dalle persone di 15 anni e più in 4 settimane	DIRVOL	Volontariato non organizzato	1	Maschi	Y55-64	55-64 anni	2013	16.1		
A	Annuale	IT	Italia	HAUA_15	Numero medio di ore di volontariato svolte dalle persone di 15 anni e più in 4 settimane	DIRVOL	Volontariato non organizzato	1	Maschi	Y55-64	55-64 anni	2023	10.1		
A	Annuale	IT	Italia	HAUA_15	Numero medio di ore di volontariato svolte dalle persone di 15 anni e più in 4 settimane	DIRVOL	Volontariato non organizzato	1	Maschi	Y65-74	65-74 anni	2013	22.3		
A	Annuale	IT	Italia	HAUA_15	Numero medio di ore di volontariato svolte dalle persone di 15 anni e più in 4 settimane	DIRVOL	Volontariato non organizzato	1	Maschi	Y65-74	65-74 anni	2023	13.9		
A	Annuale	IT	Italia	HAUA_15	Numero medio di ore di volontariato svolte dalle persone di 15 anni e più in 4 settimane	DIRVOL	Volontariato non organizzato	1	Maschi	Y_GE75	75 anni e più	2013	19.6		
A	Annuale	IT	Italia	HAUA_15	Numero medio di ore di volontariato svolte dalle persone di 15 anni e più in 4 settimane	DIRVOL	Volontariato non organizzato	1	Maschi	Y_GE75	75 anni e più	2023	15.9		
A	Annuale	IT	Italia	HAUA_15	Numero medio di ore di volontariato svolte dalle persone di 15 anni e più in 4 settimane	DIRVOL	Volontariato non organizzato	1	Maschi	Y_GE15	15 anni e più	2013	14.6		
A	Annuale	IT	Italia	HAUA_15	Numero medio di ore di volontariato svolte dalle persone di 15 anni e più in 4 settimane	DIRVOL	Volontariato non organizzato	1	Maschi	Y_GE15	15 anni e più	2023	10.5		
A	Annuale	IT	Italia	HAUA_15	Numero medio di ore di volontariato svolte dalle persone di 15 anni e più in 4 settimane	DIRVOL	Volontariato non organizzato	2	Femmine	Y15-24	15-24 anni	2013	10.9		
A	Annuale	IT	Italia	HAUA_15	Numero medio di ore di volontariato svolte dalle persone di 15 anni e più in 4 settimane	DIRVOL	Volontariato non organizzato	2	Femmine	Y15-24	15-24 anni	2023	8		
A	Annuale	IT	Italia	HAUA_15	Numero medio di ore di volontariato svolte dalle persone di 15 anni e più in 4 settimane	DIRVOL	Volontariato non organizzato	2	Femmine	Y25-34	25-34 anni	2013	27.2		
A	Annuale	IT	Italia	HAUA_15	Numero medio di ore di volontariato svolte dalle persone di 15 anni e più in 4 settimane	DIRVOL	Volontariato non organizzato	2	Femmine	Y25-34	25-34 anni	2023	11		
A	Annuale	IT	Italia	HAUA_15	Numero medio di ore di volontariato svolte dalle persone di 15 anni e più in 4 settimane	DIRVOL	Volontariato non organizzato	2	Femmine	Y35-44	35-44 anni	2013	11.6		
A	Annuale	IT	Italia	HAUA_15	Numero medio di ore di volontariato svolte dalle persone di 15 anni e più in 4 settimane	DIRVOL	Volontariato non organizzato	2	Femmine	Y35-44	35-44 anni	2023	11.5		
A	Annuale	IT	Italia	HAUA_15	Numero medio di ore di volontariato svolte dalle persone di 15 anni e più in 4 settimane	DIRVOL	Volontariato non organizzato	2	Femmine	Y45-54	45-54 anni	2013	17.9		
A	Annuale	IT	Italia	HAUA_15	Numero medio di ore di volontariato svolte dalle persone di 15 anni e più in 4 settimane	DIRVOL	Volontariato non organizzato	2	Femmine	Y45-54	45-54 anni	2023	11.4		
A	Annuale	IT	Italia	HAUA_15	Numero medio di ore di volontariato svolte dalle persone di 15 anni e più in 4 settimane	DIRVOL	Volontariato non organizzato	2	Femmine	Y55-64	55-64 anni	2013	16.8		
A	Annuale	IT	Italia	HAUA_15	Numero medio di ore di volontariato svolte dalle persone di 15 anni e più in 4 settimane	DIRVOL	Volontariato non organizzato	2	Femmine	Y55-64	55-64 anni	2023	10.3		
A	Annuale	IT	Italia	HAUA_15	Numero medio di ore di volontariato svolte dalle persone di 15 anni e più in 4 settimane	DIRVOL	Volontariato non organizzato	2	Femmine	Y65-74	65-74 anni	2013	18.1		
A	Annuale	IT	Italia	HAUA_15	Numero medio di ore di volontariato svolte dalle persone di 15 anni e più in 4 settimane	DIRVOL	Volontariato non organizzato	2	Femmine	Y65-74	65-74 anni	2023	13.2		
A	Annuale	IT	Italia	HAUA_15	Numero medio di ore di volontariato svolte dalle persone di 15 anni e più in 4 settimane	DIRVOL	Volontariato non organizzato	2	Femmine	Y_GE75	75 anni e più	2013	24.9		
A	Annuale	IT	Italia	HAUA_15	Numero medio di ore di volontariato svolte dalle persone di 15 anni e più in 4 settimane	DIRVOL	Volontariato non organizzato	2	Femmine	Y_GE75	75 anni e più	2023	14		
A	Annuale	IT	Italia	HAUA_15	Numero medio di ore di volontariato svolte dalle persone di 15 anni e più in 4 settimane	DIRVOL	Volontariato non organizzato	2	Femmine	Y_GE15	15 anni e più	2013	17.2		
A	Annuale	IT	Italia	HAUA_15	Numero medio di ore di volontariato svolte dalle persone di 15 anni e più in 4 settimane	DIRVOL	Volontariato non organizzato	2	Femmine	Y_GE15	15 anni e più	2023	11.4		
A	Annuale	IT	Italia	HAUA_15	Numero medio di ore di volontariato svolte dalle persone di 15 anni e più in 4 settimane	DIRVOL	Volontariato non organizzato	9	Totale	Y15-24	15-24 anni	2013	12.1		
A	Annuale	IT	Italia	HAUA_15	Numero medio di ore di volontariato svolte dalle persone di 15 anni e più in 4 settimane	DIRVOL	Volontariato non organizzato	9	Totale	Y15-24	15-24 anni	2023	10.4		
A	Annuale	IT	Italia	HAUA_15	Numero medio di ore di volontariato svolte dalle persone di 15 anni e più in 4 settimane	DIRVOL	Volontariato non organizzato	9	Totale	Y25-34	25-34 anni	2013	19		
A	Annuale	IT	Italia	HAUA_15	Numero medio di ore di volontariato svolte dalle persone di 15 anni e più in 4 settimane	DIRVOL	Volontariato non organizzato	9	Totale	Y25-34	25-34 anni	2023	8.5		
A	Annuale	IT	Italia	HAUA_15	Numero medio di ore di volontariato svolte dalle persone di 15 anni e più in 4 settimane	DIRVOL	Volontariato non organizzato	9	Totale	Y35-44	35-44 anni	2013	12.1		
A	Annuale	IT	Italia	HAUA_15	Numero medio di ore di volontariato svolte dalle persone di 15 anni e più in 4 settimane	DIRVOL	Volontariato non organizzato	9	Totale	Y35-44	35-44 anni	2023	9.2		
A	Annuale	IT	Italia	HAUA_15	Numero medio di ore di volontariato svolte dalle persone di 15 anni e più in 4 settimane	DIRVOL	Volontariato non organizzato	9	Totale	Y45-54	45-54 anni	2013	14.9		
A	Annuale	IT	Italia	HAUA_15	Numero medio di ore di volontariato svolte dalle persone di 15 anni e più in 4 settimane	DIRVOL	Volontariato non organizzato	9	Totale	Y45-54	45-54 anni	2023	10.7		
A	Annuale	IT	Italia	HAUA_15	Numero medio di ore di volontariato svolte dalle persone di 15 anni e più in 4 settimane	DIRVOL	Volontariato non organizzato	9	Totale	Y55-64	55-64 anni	2013	16.4		
A	Annuale	IT	Italia	HAUA_15	Numero medio di ore di volontariato svolte dalle persone di 15 anni e più in 4 settimane	DIRVOL	Volontariato non organizzato	9	Totale	Y55-64	55-64 anni	2023	10.2		
A	Annuale	IT	Italia	HAUA_15	Numero medio di ore di volontariato svolte dalle persone di 15 anni e più in 4 settimane	DIRVOL	Volontariato non organizzato	9	Totale	Y65-74	65-74 anni	2013	20.2		
A	Annuale	IT	Italia	HAUA_15	Numero medio di ore di volontariato svolte dalle persone di 15 anni e più in 4 settimane	DIRVOL	Volontariato non organizzato	9	Totale	Y65-74	65-74 anni	2023	13.6		
A	Annuale	IT	Italia	HAUA_15	Numero medio di ore di volontariato svolte dalle persone di 15 anni e più in 4 settimane	DIRVOL	Volontariato non organizzato	9	Totale	Y_GE75	75 anni e più	2013	23.1		
A	Annuale	IT	Italia	HAUA_15	Numero medio di ore di volontariato svolte dalle persone di 15 anni e più in 4 settimane	DIRVOL	Volontariato non organizzato	9	Totale	Y_GE75	75 anni e più	2023	14.8		
A	Annuale	IT	Italia	HAUA_15	Numero medio di ore di volontariato svolte dalle persone di 15 anni e più in 4 settimane	DIRVOL	Volontariato non organizzato	9	Totale	Y_GE15	15 anni e più	2013	16		
A	Annuale	IT	Italia	HAUA_15	Numero medio di ore di volontariato svolte dalle persone di 15 anni e più in 4 settimane	DIRVOL	Volontariato non organizzato	9	Totale	Y_GE15	15 anni e più	2023	11		
A	Annuale	IT	Italia	HAUA_15	Numero medio di ore di volontariato svolte dalle persone di 15 anni e più in 4 settimane	ORGVOL	Volontariato organizzato	1	Maschi	Y15-24	15-24 anni	2013	13.6		
A	Annuale	IT	Italia	HAUA_15	Numero medio di ore di volontariato svolte dalle persone di 15 anni e più in 4 settimane	ORGVOL	Volontariato organizzato	1	Maschi	Y15-24	15-24 anni	2023	15.9		
A	Annuale	IT	Italia	HAUA_15	Numero medio di ore di volontariato svolte dalle persone di 15 anni e più in 4 settimane	ORGVOL	Volontariato organizzato	1	Maschi	Y25-34	25-34 anni	2013	14		
A	Annuale	IT	Italia	HAUA_15	Numero medio di ore di volontariato svolte dalle persone di 15 anni e più in 4 settimane	ORGVOL	Volontariato organizzato	1	Maschi	Y25-34	25-34 anni	2023	13.9		
A	Annuale	IT	Italia	HAUA_15	Numero medio di ore di volontariato svolte dalle persone di 15 anni e più in 4 settimane	ORGVOL	Volontariato organizzato	1	Maschi	Y35-44	35-44 anni	2013	15.3		
A	Annuale	IT	Italia	HAUA_15	Numero medio di ore di volontariato svolte dalle persone di 15 anni e più in 4 settimane	ORGVOL	Volontariato organizzato	1	Maschi	Y35-44	35-44 anni	2023	12.2		
A	Annuale	IT	Italia	HAUA_15	Numero medio di ore di volontariato svolte dalle persone di 15 anni e più in 4 settimane	ORGVOL	Volontariato organizzato	1	Maschi	Y45-54	45-54 anni	2013	16.3		
A	Annuale	IT	Italia	HAUA_15	Numero medio di ore di volontariato svolte dalle persone di 15 anni e più in 4 settimane	ORGVOL	Volontariato organizzato	1	Maschi	Y45-54	45-54 anni	2023	15.9		
A	Annuale	IT	Italia	HAUA_15	Numero medio di ore di volontariato svolte dalle persone di 15 anni e più in 4 settimane	ORGVOL	Volontariato organizzato	1	Maschi	Y55-64	55-64 anni	2013	23.9		
A	Annuale	IT	Italia	HAUA_15	Numero medio di ore di volontariato svolte dalle persone di 15 anni e più in 4 settimane	ORGVOL	Volontariato organizzato	1	Maschi	Y55-64	55-64 anni	2023	17.9		
A	Annuale	IT	Italia	HAUA_15	Numero medio di ore di volontariato svolte dalle persone di 15 anni e più in 4 settimane	ORGVOL	Volontariato organizzato	1	Maschi	Y65-74	65-74 anni	2013	27.8		
A	Annuale	IT	Italia	HAUA_15	Numero medio di ore di volontariato svolte dalle persone di 15 anni e più in 4 settimane	ORGVOL	Volontariato organizzato	1	Maschi	Y65-74	65-74 anni	2023	24.5		
A	Annuale	IT	Italia	HAUA_15	Numero medio di ore di volontariato svolte dalle persone di 15 anni e più in 4 settimane	ORGVOL	Volontariato organizzato	1	Maschi	Y_GE75	75 anni e più	2013	26.8		
A	Annuale	IT	Italia	HAUA_15	Numero medio di ore di volontariato svolte dalle persone di 15 anni e più in 4 settimane	ORGVOL	Volontariato organizzato	1	Maschi	Y_GE75	75 anni e più	2023	21.2		
A	Annuale	IT	Italia	HAUA_15	Numero medio di ore di volontariato svolte dalle persone di 15 anni e più in 4 settimane	ORGVOL	Volontariato organizzato	1	Maschi	Y_GE15	15 anni e più	2013	19.1		
A	Annuale	IT	Italia	HAUA_15	Numero medio di ore di volontariato svolte dalle persone di 15 anni e più in 4 settimane	ORGVOL	Volontariato organizzato	1	Maschi	Y_GE15	15 anni e più	2023	18		
A	Annuale	IT	Italia	HAUA_15	Numero medio di ore di volontariato svolte dalle persone di 15 anni e più in 4 settimane	ORGVOL	Volontariato organizzato	2	Femmine	Y15-24	15-24 anni	2013	15.3		
A	Annuale	IT	Italia	HAUA_15	Numero medio di ore di volontariato svolte dalle persone di 15 anni e più in 4 settimane	ORGVOL	Volontariato organizzato	2	Femmine	Y15-24	15-24 anni	2023	17.5		
A	Annuale	IT	Italia	HAUA_15	Numero medio di ore di volontariato svolte dalle persone di 15 anni e più in 4 settimane	ORGVOL	Volontariato organizzato	2	Femmine	Y25-34	25-34 anni	2013	16		
A	Annuale	IT	Italia	HAUA_15	Numero medio di ore di volontariato svolte dalle persone di 15 anni e più in 4 settimane	ORGVOL	Volontariato organizzato	2	Femmine	Y25-34	25-34 anni	2023	14.3		
A	Annuale	IT	Italia	HAUA_15	Numero medio di ore di volontariato svolte dalle persone di 15 anni e più in 4 settimane	ORGVOL	Volontariato organizzato	2	Femmine	Y35-44	35-44 anni	2013	15.4		
A	Annuale	IT	Italia	HAUA_15	Numero medio di ore di volontariato svolte dalle persone di 15 anni e più in 4 settimane	ORGVOL	Volontariato organizzato	2	Femmine	Y35-44	35-44 anni	2023	16.6		
A	Annuale	IT	Italia	HAUA_15	Numero medio di ore di volontariato svolte dalle persone di 15 anni e più in 4 settimane	ORGVOL	Volontariato organizzato	2	Femmine	Y45-54	45-54 anni	2013	15.5		
A	Annuale	IT	Italia	HAUA_15	Numero medio di ore di volontariato svolte dalle persone di 15 anni e più in 4 settimane	ORGVOL	Volontariato organizzato	2	Femmine	Y45-54	45-54 anni	2023	14.6		
A	Annuale	IT	Italia	HAUA_15	Numero medio di ore di volontariato svolte dalle persone di 15 anni e più in 4 settimane	ORGVOL	Volontariato organizzato	2	Femmine	Y55-64	55-64 anni	2013	20.8		
A	Annuale	IT	Italia	HAUA_15	Numero medio di ore di volontariato svolte dalle persone di 15 anni e più in 4 settimane	ORGVOL	Volontariato organizzato	2	Femmine	Y55-64	55-64 anni	2023	16.2		
A	Annuale	IT	Italia	HAUA_15	Numero medio di ore di volontariato svolte dalle persone di 15 anni e più in 4 settimane	ORGVOL	Volontariato organizzato	2	Femmine	Y65-74	65-74 anni	2013	27.9		
A	Annuale	IT	Italia	HAUA_15	Numero medio di ore di volontariato svolte dalle persone di 15 anni e più in 4 settimane	ORGVOL	Volontariato organizzato	2	Femmine	Y65-74	65-74 anni	2023	20.9		
A	Annuale	IT	Italia	HAUA_15	Numero medio di ore di volontariato svolte dalle persone di 15 anni e più in 4 settimane	ORGVOL	Volontariato organizzato	2	Femmine	Y_GE75	75 anni e più	2013	18.4		
A	Annuale	IT	Italia	HAUA_15	Numero medio di ore di volontariato svolte dalle persone di 15 anni e più in 4 settimane	ORGVOL	Volontariato organizzato	2	Femmine	Y_GE75	75 anni e più	2023	26		
A	Annuale	IT	Italia	HAUA_15	Numero medio di ore di volontariato svolte dalle persone di 15 anni e più in 4 settimane	ORGVOL	Volontariato organizzato	2	Femmine	Y_GE15	15 anni e più	2013	18.3		
A	Annuale	IT	Italia	HAUA_15	Numero medio di ore di volontariato svolte dalle persone di 15 anni e più in 4 settimane	ORGVOL	Volontariato organizzato	2	Femmine	Y_GE15	15 anni e più	2023	17.6		
A	Annuale	IT	Italia	HAUA_15	Numero medio di ore di volontariato svolte dalle persone di 15 anni e più in 4 settimane	ORGVOL	Volontariato organizzato	9	Totale	Y15-24	15-24 anni	2013	14.4		
A	Annuale	IT	Italia	HAUA_15	Numero medio di ore di volontariato svolte dalle persone di 15 anni e più in 4 settimane	ORGVOL	Volontariato organizzato	9	Totale	Y15-24	15-24 anni	2023	16.6		
A	Annuale	IT	Italia	HAUA_15	Numero medio di ore di volontariato svolte dalle persone di 15 anni e più in 4 settimane	ORGVOL	Volontariato organizzato	9	Totale	Y25-34	25-34 anni	2013	14.9		
A	Annuale	IT	Italia	HAUA_15	Numero medio di ore di volontariato svolte dalle persone di 15 anni e più in 4 settimane	ORGVOL	Volontariato organizzato	9	Totale	Y25-34	25-34 anni	2023	14.1		
A	Annuale	IT	Italia	HAUA_15	Numero medio di ore di volontariato svolte dalle persone di 15 anni e più in 4 settimane	ORGVOL	Volontariato organizzato	9	Totale	Y35-44	35-44 anni	2013	15.3		
A	Annuale	IT	Italia	HAUA_15	Numero medio di ore di volontariato svolte dalle persone di 15 anni e più in 4 settimane	ORGVOL	Volontariato organizzato	9	Totale	Y35-44	35-44 anni	2023	14.3		
A	Annuale	IT	Italia	HAUA_15	Numero medio di ore di volontariato svolte dalle persone di 15 anni e più in 4 settimane	ORGVOL	Volontariato organizzato	9	Totale	Y45-54	45-54 anni	2013	16		
A	Annuale	IT	Italia	HAUA_15	Numero medio di ore di volontariato svolte dalle persone di 15 anni e più in 4 settimane	ORGVOL	Volontariato organizzato	9	Totale	Y45-54	45-54 anni	2023	15.2		
A	Annuale	IT	Italia	HAUA_15	Numero medio di ore di volontariato svolte dalle persone di 15 anni e più in 4 settimane	ORGVOL	Volontariato organizzato	9	Totale	Y55-64	55-64 anni	2013	22.5		
A	Annuale	IT	Italia	HAUA_15	Numero medio di ore di volontariato svolte dalle persone di 15 anni e più in 4 settimane	ORGVOL	Volontariato organizzato	9	Totale	Y55-64	55-64 anni	2023	17		
A	Annuale	IT	Italia	HAUA_15	Numero medio di ore di volontariato svolte dalle persone di 15 anni e più in 4 settimane	ORGVOL	Volontariato organizzato	9	Totale	Y65-74	65-74 anni	2013	27.9		
A	Annuale	IT	Italia	HAUA_15	Numero medio di ore di volontariato svolte dalle persone di 15 anni e più in 4 settimane	ORGVOL	Volontariato organizzato	9	Totale	Y65-74	65-74 anni	2023	22.9		
A	Annuale	IT	Italia	HAUA_15	Numero medio di ore di volontariato svolte dalle persone di 15 anni e più in 4 settimane	ORGVOL	Volontariato organizzato	9	Totale	Y_GE75	75 anni e più	2013	22.6		
A	Annuale	IT	Italia	HAUA_15	Numero medio di ore di volontariato svolte dalle persone di 15 anni e più in 4 settimane	ORGVOL	Volontariato organizzato	9	Totale	Y_GE75	75 anni e più	2023	23.6		
A	Annuale	IT	Italia	HAUA_15	Numero medio di ore di volontariato svolte dalle persone di 15 anni e più in 4 settimane	ORGVOL	Volontariato organizzato	9	Totale	Y_GE15	15 anni e più	2013	18.7		
A	Annuale	IT	Italia	HAUA_15	Numero medio di ore di volontariato svolte dalle persone di 15 anni e più in 4 settimane	ORGVOL	Volontariato organizzato	9	Totale	Y_GE15	15 anni e più	2023	17.8		
A	Annuale	IT	Italia	HAUA_15	Numero medio di ore di volontariato svolte dalle persone di 15 anni e più in 4 settimane	TOTAL	Totale	1	Maschi	Y15-24	15-24 anni	2013	14.6		
A	Annuale	IT	Italia	HAUA_15	Numero medio di ore di volontariato svolte dalle persone di 15 anni e più in 4 settimane	TOTAL	Totale	1	Maschi	Y15-24	15-24 anni	2023	18		
A	Annuale	IT	Italia	HAUA_15	Numero medio di ore di volontariato svolte dalle persone di 15 anni e più in 4 settimane	TOTAL	Totale	1	Maschi	Y25-34	25-34 anni	2013	13.9		
A	Annuale	IT	Italia	HAUA_15	Numero medio di ore di volontariato svolte dalle persone di 15 anni e più in 4 settimane	TOTAL	Totale	1	Maschi	Y25-34	25-34 anni	2023	12.4		
A	Annuale	IT	Italia	HAUA_15	Numero medio di ore di volontariato svolte dalle persone di 15 anni e più in 4 settimane	TOTAL	Totale	1	Maschi	Y35-44	35-44 anni	2013	15.4		
A	Annuale	IT	Italia	HAUA_15	Numero medio di ore di volontariato svolte dalle persone di 15 anni e più in 4 settimane	TOTAL	Totale	1	Maschi	Y35-44	35-44 anni	2023	11.2		
A	Annuale	IT	Italia	HAUA_15	Numero medio di ore di volontariato svolte dalle persone di 15 anni e più in 4 settimane	TOTAL	Totale	1	Maschi	Y45-54	45-54 anni	2013	15.7		
A	Annuale	IT	Italia	HAUA_15	Numero medio di ore di volontariato svolte dalle persone di 15 anni e più in 4 settimane	TOTAL	Totale	1	Maschi	Y45-54	45-54 anni	2023	16.2		
A	Annuale	IT	Italia	HAUA_15	Numero medio di ore di volontariato svolte dalle persone di 15 anni e più in 4 settimane	TOTAL	Totale	1	Maschi	Y55-64	55-64 anni	2013	23.4		
A	Annuale	IT	Italia	HAUA_15	Numero medio di ore di volontariato svolte dalle persone di 15 anni e più in 4 settimane	TOTAL	Totale	1	Maschi	Y55-64	55-64 anni	2023	18.2		
A	Annuale	IT	Italia	HAUA_15	Numero medio di ore di volontariato svolte dalle persone di 15 anni e più in 4 settimane	TOTAL	Totale	1	Maschi	Y65-74	65-74 anni	2013	27.4		
A	Annuale	IT	Italia	HAUA_15	Numero medio di ore di volontariato svolte dalle persone di 15 anni e più in 4 settimane	TOTAL	Totale	1	Maschi	Y65-74	65-74 anni	2023	25.6		
A	Annuale	IT	Italia	HAUA_15	Numero medio di ore di volontariato svolte dalle persone di 15 anni e più in 4 settimane	TOTAL	Totale	1	Maschi	Y_GE75	75 anni e più	2013	24.9		
A	Annuale	IT	Italia	HAUA_15	Numero medio di ore di volontariato svolte dalle persone di 15 anni e più in 4 settimane	TOTAL	Totale	1	Maschi	Y_GE75	75 anni e più	2023	22		
A	Annuale	IT	Italia	HAUA_15	Numero medio di ore di volontariato svolte dalle persone di 15 anni e più in 4 settimane	TOTAL	Totale	1	Maschi	Y_GE15	15 anni e più	2013	18.8		
A	Annuale	IT	Italia	HAUA_15	Numero medio di ore di volontariato svolte dalle persone di 15 anni e più in 4 settimane	TOTAL	Totale	1	Maschi	Y_GE15	15 anni e più	2023	18		
A	Annuale	IT	Italia	HAUA_15	Numero medio di ore di volontariato svolte dalle persone di 15 anni e più in 4 settimane	TOTAL	Totale	2	Femmine	Y15-24	15-24 anni	2013	14.7		
A	Annuale	IT	Italia	HAUA_15	Numero medio di ore di volontariato svolte dalle persone di 15 anni e più in 4 settimane	TOTAL	Totale	2	Femmine	Y15-24	15-24 anni	2023	16.2		
A	Annuale	IT	Italia	HAUA_15	Numero medio di ore di volontariato svolte dalle persone di 15 anni e più in 4 settimane	TOTAL	Totale	2	Femmine	Y25-34	25-34 anni	2013	22.7		
A	Annuale	IT	Italia	HAUA_15	Numero medio di ore di volontariato svolte dalle persone di 15 anni e più in 4 settimane	TOTAL	Totale	2	Femmine	Y25-34	25-34 anni	2023	15.2		
A	Annuale	IT	Italia	HAUA_15	Numero medio di ore di volontariato svolte dalle persone di 15 anni e più in 4 settimane	TOTAL	Totale	2	Femmine	Y35-44	35-44 anni	2013	14.5		
A	Annuale	IT	Italia	HAUA_15	Numero medio di ore di volontariato svolte dalle persone di 15 anni e più in 4 settimane	TOTAL	Totale	2	Femmine	Y35-44	35-44 anni	2023	16.6		
A	Annuale	IT	Italia	HAUA_15	Numero medio di ore di volontariato svolte dalle persone di 15 anni e più in 4 settimane	TOTAL	Totale	2	Femmine	Y45-54	45-54 anni	2013	17.8		
A	Annuale	IT	Italia	HAUA_15	Numero medio di ore di volontariato svolte dalle persone di 15 anni e più in 4 settimane	TOTAL	Totale	2	Femmine	Y45-54	45-54 anni	2023	16.5		
A	Annuale	IT	Italia	HAUA_15	Numero medio di ore di volontariato svolte dalle persone di 15 anni e più in 4 settimane	TOTAL	Totale	2	Femmine	Y55-64	55-64 anni	2013	20.8		
A	Annuale	IT	Italia	HAUA_15	Numero medio di ore di volontariato svolte dalle persone di 15 anni e più in 4 settimane	TOTAL	Totale	2	Femmine	Y55-64	55-64 anni	2023	16.6		
A	Annuale	IT	Italia	HAUA_15	Numero medio di ore di volontariato svolte dalle persone di 15 anni e più in 4 settimane	TOTAL	Totale	2	Femmine	Y65-74	65-74 anni	2013	25		
A	Annuale	IT	Italia	HAUA_15	Numero medio di ore di volontariato svolte dalle persone di 15 anni e più in 4 settimane	TOTAL	Totale	2	Femmine	Y65-74	65-74 anni	2023	21.9		
A	Annuale	IT	Italia	HAUA_15	Numero medio di ore di volontariato svolte dalle persone di 15 anni e più in 4 settimane	TOTAL	Totale	2	Femmine	Y_GE75	75 anni e più	2013	24.6		
A	Annuale	IT	Italia	HAUA_15	Numero medio di ore di volontariato svolte dalle persone di 15 anni e più in 4 settimane	TOTAL	Totale	2	Femmine	Y_GE75	75 anni e più	2023	23.4		
A	Annuale	IT	Italia	HAUA_15	Numero medio di ore di volontariato svolte dalle persone di 15 anni e più in 4 settimane	TOTAL	Totale	2	Femmine	Y_GE15	15 anni e più	2013	19.2		
A	Annuale	IT	Italia	HAUA_15	Numero medio di ore di volontariato svolte dalle persone di 15 anni e più in 4 settimane	TOTAL	Totale	2	Femmine	Y_GE15	15 anni e più	2023	18		
A	Annuale	IT	Italia	HAUA_15	Numero medio di ore di volontariato svolte dalle persone di 15 anni e più in 4 settimane	TOTAL	Totale	9	Totale	Y15-24	15-24 anni	2013	14.6		
A	Annuale	IT	Italia	HAUA_15	Numero medio di ore di volontariato svolte dalle persone di 15 anni e più in 4 settimane	TOTAL	Totale	9	Totale	Y15-24	15-24 anni	2023	17.1		
A	Annuale	IT	Italia	HAUA_15	Numero medio di ore di volontariato svolte dalle persone di 15 anni e più in 4 settimane	TOTAL	Totale	9	Totale	Y25-34	25-34 anni	2013	18.1		
A	Annuale	IT	Italia	HAUA_15	Numero medio di ore di volontariato svolte dalle persone di 15 anni e più in 4 settimane	TOTAL	Totale	9	Totale	Y25-34	25-34 anni	2023	13.7		
A	Annuale	IT	Italia	HAUA_15	Numero medio di ore di volontariato svolte dalle persone di 15 anni e più in 4 settimane	TOTAL	Totale	9	Totale	Y35-44	35-44 anni	2013	14.9		
A	Annuale	IT	Italia	HAUA_15	Numero medio di ore di volontariato svolte dalle persone di 15 anni e più in 4 settimane	TOTAL	Totale	9	Totale	Y35-44	35-44 anni	2023	13.8		
A	Annuale	IT	Italia	HAUA_15	Numero medio di ore di volontariato svolte dalle persone di 15 anni e più in 4 settimane	TOTAL	Totale	9	Totale	Y45-54	45-54 anni	2013	16.7		
A	Annuale	IT	Italia	HAUA_15	Numero medio di ore di volontariato svolte dalle persone di 15 anni e più in 4 settimane	TOTAL	Totale	9	Totale	Y45-54	45-54 anni	2023	16.4		
A	Annuale	IT	Italia	HAUA_15	Numero medio di ore di volontariato svolte dalle persone di 15 anni e più in 4 settimane	TOTAL	Totale	9	Totale	Y55-64	55-64 anni	2013	22.2		
A	Annuale	IT	Italia	HAUA_15	Numero medio di ore di volontariato svolte dalle persone di 15 anni e più in 4 settimane	TOTAL	Totale	9	Totale	Y55-64	55-64 anni	2023	17.3		
A	Annuale	IT	Italia	HAUA_15	Numero medio di ore di volontariato svolte dalle persone di 15 anni e più in 4 settimane	TOTAL	Totale	9	Totale	Y65-74	65-74 anni	2013	26.2		
A	Annuale	IT	Italia	HAUA_15	Numero medio di ore di volontariato svolte dalle persone di 15 anni e più in 4 settimane	TOTAL	Totale	9	Totale	Y65-74	65-74 anni	2023	23.9		
A	Annuale	IT	Italia	HAUA_15	Numero medio di ore di volontariato svolte dalle persone di 15 anni e più in 4 settimane	TOTAL	Totale	9	Totale	Y_GE75	75 anni e più	2013	24.7		
A	Annuale	IT	Italia	HAUA_15	Numero medio di ore di volontariato svolte dalle persone di 15 anni e più in 4 settimane	TOTAL	Totale	9	Totale	Y_GE75	75 anni e più	2023	22.7		
A	Annuale	IT	Italia	HAUA_15	Numero medio di ore di volontariato svolte dalle persone di 15 anni e più in 4 settimane	TOTAL	Totale	9	Totale	Y_GE15	15 anni e più	2013	19		
A	Annuale	IT	Italia	HAUA_15	Numero medio di ore di volontariato svolte dalle persone di 15 anni e più in 4 settimane	TOTAL	Totale	9	Totale	Y_GE15	15 anni e più	2023	18		
